year,period,same_year,citizenship,sex_age,count
2014,2014_I,FALSE,AFG,m_18_59,5
2014,2014_I,FALSE,AGO,m_18_59,1
2014,2014_I,FALSE,ARG,m_18_59,1
2014,2014_I,FALSE,ARM,k_17,3
2014,2014_I,FALSE,ARM,k_18_59,12
2014,2014_I,FALSE,ARM,m_17,6
2014,2014_I,FALSE,ARM,m_18_59,17
2014,2014_I,FALSE,AUS,m_18_59,1
2014,2014_I,FALSE,AZE,m_18_59,3
2014,2014_I,FALSE,BEN,m_18_59,1
2014,2014_I,FALSE,BGD,m_18_59,7
2014,2014_I,FALSE,BLR,k_18_59,2
2014,2014_I,FALSE,BLR,m_18_59,21
2014,2014_I,FALSE,CAN,k_60,1
2014,2014_I,FALSE,CAN,m_18_59,2
2014,2014_I,FALSE,CHL,m_18_59,1
2014,2014_I,FALSE,CHN,k_18_59,4
2014,2014_I,FALSE,CHN,m_18_59,12
2014,2014_I,FALSE,CIV,m_18_59,1
2014,2014_I,FALSE,CMR,m_18_59,2
2014,2014_I,FALSE,COD,m_18_59,1
2014,2014_I,FALSE,COL,k_17,1
2014,2014_I,FALSE,COL,k_18_59,2
2014,2014_I,FALSE,COL,m_60,1
2014,2014_I,FALSE,CUB,k_18_59,1
2014,2014_I,FALSE,CUB,m_18_59,1
2014,2014_I,FALSE,DOM,k_18_59,1
2014,2014_I,FALSE,DOM,m_18_59,1
2014,2014_I,FALSE,DZA,m_18_59,8
2014,2014_I,FALSE,ECU,k_18_59,1
2014,2014_I,FALSE,EGY,m_18_59,14
2014,2014_I,FALSE,GEO,k_17,4
2014,2014_I,FALSE,GEO,k_18_59,13
2014,2014_I,FALSE,GEO,k_60,1
2014,2014_I,FALSE,GEO,m_17,14
2014,2014_I,FALSE,GEO,m_18_59,41
2014,2014_I,FALSE,GIN,m_18_59,2
2014,2014_I,FALSE,GNB,m_18_59,2
2014,2014_I,FALSE,IDN,k_18_59,1
2014,2014_I,FALSE,IND,m_18_59,17
2014,2014_I,FALSE,IOT,m_18_59,1
2014,2014_I,FALSE,IRN,k_18_59,1
2014,2014_I,FALSE,IRQ,k_18_59,1
2014,2014_I,FALSE,IRQ,m_18_59,2
2014,2014_I,FALSE,ISR,m_18_59,1
2014,2014_I,FALSE,JOR,m_18_59,2
2014,2014_I,FALSE,JPN,k_18_59,1
2014,2014_I,FALSE,KAZ,k_18_59,1
2014,2014_I,FALSE,KAZ,m_18_59,1
2014,2014_I,FALSE,KEN,m_18_59,1
2014,2014_I,FALSE,KGZ,m_18_59,1
2014,2014_I,FALSE,LBN,m_18_59,4
2014,2014_I,FALSE,LBY,k_18_59,4
2014,2014_I,FALSE,LBY,m_17,2
2014,2014_I,FALSE,LBY,m_18_59,19
2014,2014_I,FALSE,LBY,m_60,1
2014,2014_I,FALSE,LKA,m_18_59,1
2014,2014_I,FALSE,MAR,m_18_59,9
2014,2014_I,FALSE,MDA,k_18_59,3
2014,2014_I,FALSE,MDA,m_18_59,3
2014,2014_I,FALSE,MEX,m_18_59,1
2014,2014_I,FALSE,MNG,k_18_59,2
2014,2014_I,FALSE,MNG,m_18_59,4
2014,2014_I,FALSE,NER,m_18_59,1
2014,2014_I,FALSE,NGA,m_18_59,13
2014,2014_I,FALSE,NPL,m_18_59,4
2014,2014_I,FALSE,PAK,k_18_59,1
2014,2014_I,FALSE,PAK,m_18_59,27
2014,2014_I,FALSE,PHL,k_18_59,1
2014,2014_I,FALSE,PSE,m_18_59,1
2014,2014_I,FALSE,ROU,m_18_59,1
2014,2014_I,FALSE,RUS,k_17,102
2014,2014_I,FALSE,RUS,k_18_59,112
2014,2014_I,FALSE,RUS,k_60,5
2014,2014_I,FALSE,RUS,m_17,103
2014,2014_I,FALSE,RUS,m_18_59,138
2014,2014_I,FALSE,SAU,m_18_59,2
2014,2014_I,FALSE,SEN,m_18_59,1
2014,2014_I,FALSE,SLV,m_18_59,1
2014,2014_I,FALSE,SOM,m_18_59,1
2014,2014_I,FALSE,SRB,m_18_59,2
2014,2014_I,FALSE,SYR,k_60,1
2014,2014_I,FALSE,SYR,m_18_59,2
2014,2014_I,FALSE,THA,k_18_59,1
2014,2014_I,FALSE,TJK,k_18_59,1
2014,2014_I,FALSE,TUN,m_18_59,17
2014,2014_I,FALSE,TUR,k_17,1
2014,2014_I,FALSE,TUR,m_18_59,16
2014,2014_I,FALSE,TZA,m_18_59,1
2014,2014_I,FALSE,UGA,m_18_59,1
2014,2014_I,FALSE,UKR,k_17,3
2014,2014_I,FALSE,UKR,k_18_59,213
2014,2014_I,FALSE,UKR,k_60,5
2014,2014_I,FALSE,UKR,m_18_59,346
2014,2014_I,FALSE,UKR,m_60,1
2014,2014_I,FALSE,USA,k_17,1
2014,2014_I,FALSE,USA,m_18_59,3
2014,2014_I,FALSE,UZB,m_18_59,12
2014,2014_I,FALSE,VEN,m_18_59,1
2014,2014_I,FALSE,VNM,k_17,2
2014,2014_I,FALSE,VNM,k_18_59,10
2014,2014_I,FALSE,VNM,k_60,1
2014,2014_I,FALSE,VNM,m_17,3
2014,2014_I,FALSE,VNM,m_18_59,42
2014,2014_I,FALSE,XXX,m_18_59,3
2014,2014_I,FALSE,ZAF,m_18_59,1
2014,2014_I,TRUE,BGD,m_18_59,1
2014,2014_I,TRUE,MAR,m_18_59,1
2014,2014_I,TRUE,NGA,m_18_59,1
2014,2014_I,TRUE,PAK,m_18_59,3
2014,2014_I,TRUE,UKR,k_18_59,2
2014,2014_I,TRUE,UKR,m_18_59,5
2014,2014_I,TRUE,UZB,m_18_59,1
2014,2014_I,TRUE,VNM,m_18_59,1
2014,2014_II,FALSE,AFG,m_17,1
2014,2014_II,FALSE,AFG,m_18_59,4
2014,2014_II,FALSE,AGO,k_18_59,1
2014,2014_II,FALSE,AGO,m_18_59,2
2014,2014_II,FALSE,ALB,m_18_59,1
2014,2014_II,FALSE,ARM,k_17,2
2014,2014_II,FALSE,ARM,k_18_59,6
2014,2014_II,FALSE,ARM,k_60,4
2014,2014_II,FALSE,ARM,m_17,4
2014,2014_II,FALSE,ARM,m_18_59,23
2014,2014_II,FALSE,ARM,m_60,1
2014,2014_II,FALSE,AZE,m_18_59,3
2014,2014_II,FALSE,BGD,m_18_59,8
2014,2014_II,FALSE,BLR,k_17,1
2014,2014_II,FALSE,BLR,k_18_59,7
2014,2014_II,FALSE,BLR,k_60,1
2014,2014_II,FALSE,BLR,m_18_59,26
2014,2014_II,FALSE,CAN,m_18_59,1
2014,2014_II,FALSE,CHN,k_18_59,5
2014,2014_II,FALSE,CHN,m_17,1
2014,2014_II,FALSE,CHN,m_18_59,7
2014,2014_II,FALSE,CIV,m_18_59,1
2014,2014_II,FALSE,COL,k_18_59,1
2014,2014_II,FALSE,COL,m_18_59,2
2014,2014_II,FALSE,CRI,k_18_59,1
2014,2014_II,FALSE,DJI,m_18_59,1
2014,2014_II,FALSE,DZA,m_17,1
2014,2014_II,FALSE,DZA,m_18_59,5
2014,2014_II,FALSE,EGY,m_18_59,5
2014,2014_II,FALSE,ETH,m_18_59,1
2014,2014_II,FALSE,GEO,k_17,8
2014,2014_II,FALSE,GEO,k_18_59,11
2014,2014_II,FALSE,GEO,k_60,1
2014,2014_II,FALSE,GEO,m_17,6
2014,2014_II,FALSE,GEO,m_18_59,28
2014,2014_II,FALSE,GHA,m_18_59,3
2014,2014_II,FALSE,GIN,k_18_59,1
2014,2014_II,FALSE,GIN,m_18_59,2
2014,2014_II,FALSE,IND,m_18_59,7
2014,2014_II,FALSE,IRN,m_18_59,2
2014,2014_II,FALSE,IRQ,m_18_59,1
2014,2014_II,FALSE,KAZ,k_17,1
2014,2014_II,FALSE,KAZ,k_18_59,1
2014,2014_II,FALSE,KAZ,m_17,1
2014,2014_II,FALSE,KAZ,m_18_59,2
2014,2014_II,FALSE,KEN,m_18_59,2
2014,2014_II,FALSE,KGZ,k_18_59,1
2014,2014_II,FALSE,KGZ,m_17,3
2014,2014_II,FALSE,KGZ,m_18_59,3
2014,2014_II,FALSE,KOR,k_18_59,1
2014,2014_II,FALSE,KOR,m_18_59,1
2014,2014_II,FALSE,LBN,m_18_59,1
2014,2014_II,FALSE,LBR,k_18_59,1
2014,2014_II,FALSE,LBY,k_17,7
2014,2014_II,FALSE,LBY,k_18_59,11
2014,2014_II,FALSE,LBY,k_60,1
2014,2014_II,FALSE,LBY,m_17,9
2014,2014_II,FALSE,LBY,m_18_59,19
2014,2014_II,FALSE,LKA,m_18_59,1
2014,2014_II,FALSE,MAR,m_18_59,2
2014,2014_II,FALSE,MDA,k_17,1
2014,2014_II,FALSE,MDA,k_18_59,4
2014,2014_II,FALSE,MDA,m_18_59,4
2014,2014_II,FALSE,MNG,k_18_59,4
2014,2014_II,FALSE,MNG,m_17,1
2014,2014_II,FALSE,MNG,m_18_59,1
2014,2014_II,FALSE,NGA,k_18_59,1
2014,2014_II,FALSE,NGA,m_18_59,8
2014,2014_II,FALSE,NPL,k_18_59,1
2014,2014_II,FALSE,NPL,m_18_59,3
2014,2014_II,FALSE,PAK,m_18_59,8
2014,2014_II,FALSE,PRK,k_18_59,2
2014,2014_II,FALSE,ROU,m_18_59,1
2014,2014_II,FALSE,RUS,k_17,35
2014,2014_II,FALSE,RUS,k_18_59,47
2014,2014_II,FALSE,RUS,k_60,1
2014,2014_II,FALSE,RUS,m_17,32
2014,2014_II,FALSE,RUS,m_18_59,75
2014,2014_II,FALSE,RUS,m_60,1
2014,2014_II,FALSE,RWA,m_18_59,1
2014,2014_II,FALSE,SRB,m_18_59,2
2014,2014_II,FALSE,SYR,m_18_59,16
2014,2014_II,FALSE,TGO,m_18_59,1
2014,2014_II,FALSE,TUN,m_18_59,7
2014,2014_II,FALSE,TUR,k_18_59,2
2014,2014_II,FALSE,TUR,m_18_59,9
2014,2014_II,FALSE,TZA,m_18_59,1
2014,2014_II,FALSE,UKR,k_17,8
2014,2014_II,FALSE,UKR,k_18_59,190
2014,2014_II,FALSE,UKR,k_60,18
2014,2014_II,FALSE,UKR,m_17,9
2014,2014_II,FALSE,UKR,m_18_59,481
2014,2014_II,FALSE,UKR,m_60,4
2014,2014_II,FALSE,UNK,k_18_59,1
2014,2014_II,FALSE,UNK,m_18_59,7
2014,2014_II,FALSE,USA,k_18_59,1
2014,2014_II,FALSE,USA,k_60,1
2014,2014_II,FALSE,USA,m_18_59,1
2014,2014_II,FALSE,USA,m_60,1
2014,2014_II,FALSE,UZB,k_17,1
2014,2014_II,FALSE,UZB,k_18_59,5
2014,2014_II,FALSE,UZB,m_17,1
2014,2014_II,FALSE,UZB,m_18_59,11
2014,2014_II,FALSE,VEN,m_18_59,1
2014,2014_II,FALSE,VNM,k_17,4
2014,2014_II,FALSE,VNM,k_18_59,17
2014,2014_II,FALSE,VNM,m_17,4
2014,2014_II,FALSE,VNM,m_18_59,61
2014,2014_II,FALSE,XXX,k_18_59,1
2014,2014_II,FALSE,XXX,m_17,3
2014,2014_II,FALSE,XXX,m_18_59,13
2014,2014_II,FALSE,XXX,m_60,1
2014,2014_II,FALSE,ZMB,m_18_59,1
2014,2014_II,TRUE,ETH,m_18_59,1
2014,2014_II,TRUE,MNG,m_18_59,1
2014,2014_II,TRUE,PAK,m_18_59,1
2014,2014_II,TRUE,UKR,k_18_59,1
2014,2014_II,TRUE,UKR,m_18_59,8
2014,2014_II,TRUE,UNK,m_18_59,1
2014,2014_II,TRUE,VNM,m_18_59,1
2015,2015_I,FALSE,AFG,m_17,5
2015,2015_I,FALSE,AFG,m_18_59,2
2015,2015_I,FALSE,AGO,k_18_59,1
2015,2015_I,FALSE,AGO,m_18_59,1
2015,2015_I,FALSE,ALB,m_18_59,1
2015,2015_I,FALSE,ARM,k_17,5
2015,2015_I,FALSE,ARM,k_18_59,15
2015,2015_I,FALSE,ARM,k_60,2
2015,2015_I,FALSE,ARM,m_17,3
2015,2015_I,FALSE,ARM,m_18_59,27
2015,2015_I,FALSE,AZE,m_18_59,4
2015,2015_I,FALSE,BEN,m_18_59,1
2015,2015_I,FALSE,BGD,m_18_59,3
2015,2015_I,FALSE,BGR,m_18_59,1
2015,2015_I,FALSE,BHR,m_18_59,1
2015,2015_I,FALSE,BLR,k_17,2
2015,2015_I,FALSE,BLR,k_18_59,7
2015,2015_I,FALSE,BLR,k_60,3
2015,2015_I,FALSE,BLR,m_17,1
2015,2015_I,FALSE,BLR,m_18_59,25
2015,2015_I,FALSE,BOL,m_18_59,1
2015,2015_I,FALSE,CAN,k_18_59,1
2015,2015_I,FALSE,CAN,m_18_59,1
2015,2015_I,FALSE,CHN,k_18_59,3
2015,2015_I,FALSE,CHN,m_18_59,9
2015,2015_I,FALSE,CMR,m_18_59,4
2015,2015_I,FALSE,COD,k_18_59,1
2015,2015_I,FALSE,COD,m_18_59,1
2015,2015_I,FALSE,COL,k_18_59,1
2015,2015_I,FALSE,COL,m_18_59,2
2015,2015_I,FALSE,CUB,m_18_59,1
2015,2015_I,FALSE,DZA,m_18_59,5
2015,2015_I,FALSE,EGY,m_18_59,11
2015,2015_I,FALSE,ERI,m_18_59,1
2015,2015_I,FALSE,GEO,k_17,2
2015,2015_I,FALSE,GEO,k_18_59,3
2015,2015_I,FALSE,GEO,m_18_59,10
2015,2015_I,FALSE,GHA,m_18_59,1
2015,2015_I,FALSE,IND,m_18_59,8
2015,2015_I,FALSE,IRN,k_18_59,1
2015,2015_I,FALSE,IRN,m_18_59,4
2015,2015_I,FALSE,IRQ,m_18_59,3
2015,2015_I,FALSE,JOR,m_18_59,1
2015,2015_I,FALSE,KAZ,k_18_59,1
2015,2015_I,FALSE,KAZ,m_18_59,3
2015,2015_I,FALSE,KEN,k_18_59,1
2015,2015_I,FALSE,KEN,m_18_59,1
2015,2015_I,FALSE,LBN,m_18_59,1
2015,2015_I,FALSE,LBY,m_18_59,2
2015,2015_I,FALSE,LKA,m_18_59,1
2015,2015_I,FALSE,MAR,m_18_59,7
2015,2015_I,FALSE,MDA,k_17,1
2015,2015_I,FALSE,MDA,k_18_59,2
2015,2015_I,FALSE,MDA,m_18_59,9
2015,2015_I,FALSE,MKD,m_18_59,1
2015,2015_I,FALSE,MNE,k_18_59,1
2015,2015_I,FALSE,MNG,m_18_59,3
2015,2015_I,FALSE,NGA,k_18_59,1
2015,2015_I,FALSE,NGA,m_18_59,14
2015,2015_I,FALSE,NPL,k_18_59,1
2015,2015_I,FALSE,NPL,m_18_59,2
2015,2015_I,FALSE,PAK,m_18_59,38
2015,2015_I,FALSE,PAN,m_18_59,1
2015,2015_I,FALSE,PER,m_18_59,1
2015,2015_I,FALSE,PHL,m_18_59,1
2015,2015_I,FALSE,PSE,m_18_59,2
2015,2015_I,FALSE,RUS,k_17,11
2015,2015_I,FALSE,RUS,k_18_59,30
2015,2015_I,FALSE,RUS,m_17,29
2015,2015_I,FALSE,RUS,m_18_59,55
2015,2015_I,FALSE,RUS,m_60,1
2015,2015_I,FALSE,RWA,m_18_59,1
2015,2015_I,FALSE,SAU,k_18_59,1
2015,2015_I,FALSE,SAU,m_18_59,5
2015,2015_I,FALSE,SDN,m_18_59,2
2015,2015_I,FALSE,SLE,m_18_59,1
2015,2015_I,FALSE,SYR,m_17,1
2015,2015_I,FALSE,SYR,m_18_59,2
2015,2015_I,FALSE,TJK,m_18_59,1
2015,2015_I,FALSE,TUN,m_18_59,10
2015,2015_I,FALSE,TUR,k_18_59,2
2015,2015_I,FALSE,TUR,m_18_59,8
2015,2015_I,FALSE,UKR,k_17,24
2015,2015_I,FALSE,UKR,k_18_59,253
2015,2015_I,FALSE,UKR,k_60,15
2015,2015_I,FALSE,UKR,m_17,20
2015,2015_I,FALSE,UKR,m_18_59,606
2015,2015_I,FALSE,UNK,m_18_59,1
2015,2015_I,FALSE,URY,k_18_59,1
2015,2015_I,FALSE,USA,k_17,1
2015,2015_I,FALSE,USA,k_18_59,1
2015,2015_I,FALSE,USA,m_18_59,1
2015,2015_I,FALSE,UZB,k_18_59,1
2015,2015_I,FALSE,UZB,m_18_59,9
2015,2015_I,FALSE,VEN,m_18_59,1
2015,2015_I,FALSE,VNM,k_17,3
2015,2015_I,FALSE,VNM,k_18_59,8
2015,2015_I,FALSE,VNM,m_17,1
2015,2015_I,FALSE,VNM,m_18_59,72
2015,2015_I,FALSE,XXX,k_18_59,1
2015,2015_I,FALSE,XXX,m_18_59,7
2015,2015_I,FALSE,ZMB,m_18_59,1
2015,2015_I,TRUE,ARM,m_18_59,2
2015,2015_I,TRUE,CAN,m_18_59,1
2015,2015_I,TRUE,CMR,m_18_59,1
2015,2015_I,TRUE,GEO,m_18_59,2
2015,2015_I,TRUE,IRQ,m_18_59,2
2015,2015_I,TRUE,PAK,m_18_59,2
2015,2015_I,TRUE,RUS,m_18_59,1
2015,2015_I,TRUE,UKR,k_18_59,1
2015,2015_I,TRUE,UKR,m_18_59,5
2015,2015_II,FALSE,AFG,k_18_59,1
2015,2015_II,FALSE,AFG,m_17,2
2015,2015_II,FALSE,AFG,m_18_59,3
2015,2015_II,FALSE,ALB,m_18_59,3
2015,2015_II,FALSE,ARG,m_18_59,1
2015,2015_II,FALSE,ARM,k_17,3
2015,2015_II,FALSE,ARM,k_18_59,8
2015,2015_II,FALSE,ARM,k_60,4
2015,2015_II,FALSE,ARM,m_17,3
2015,2015_II,FALSE,ARM,m_18_59,23
2015,2015_II,FALSE,ARM,m_60,2
2015,2015_II,FALSE,AUS,k_18_59,1
2015,2015_II,FALSE,AZE,k_18_59,1
2015,2015_II,FALSE,AZE,m_18_59,3
2015,2015_II,FALSE,BGD,m_18_59,5
2015,2015_II,FALSE,BGR,m_18_59,3
2015,2015_II,FALSE,BLR,k_18_59,7
2015,2015_II,FALSE,BLR,k_60,1
2015,2015_II,FALSE,BLR,m_18_59,44
2015,2015_II,FALSE,BLR,m_60,1
2015,2015_II,FALSE,CAN,m_18_59,1
2015,2015_II,FALSE,CHN,k_18_59,2
2015,2015_II,FALSE,CHN,m_18_59,7
2015,2015_II,FALSE,CMR,k_17,1
2015,2015_II,FALSE,CMR,m_18_59,4
2015,2015_II,FALSE,COG,k_18_59,1
2015,2015_II,FALSE,COG,m_18_59,3
2015,2015_II,FALSE,CUB,m_18_59,1
2015,2015_II,FALSE,DZA,m_18_59,7
2015,2015_II,FALSE,ECU,k_17,1
2015,2015_II,FALSE,ECU,k_18_59,1
2015,2015_II,FALSE,EGY,m_18_59,10
2015,2015_II,FALSE,ERI,k_18_59,1
2015,2015_II,FALSE,GAB,k_17,1
2015,2015_II,FALSE,GEO,k_17,5
2015,2015_II,FALSE,GEO,k_18_59,7
2015,2015_II,FALSE,GEO,m_17,2
2015,2015_II,FALSE,GEO,m_18_59,25
2015,2015_II,FALSE,GHA,m_18_59,1
2015,2015_II,FALSE,GIN,m_18_59,1
2015,2015_II,FALSE,GTM,m_18_59,2
2015,2015_II,FALSE,IND,m_18_59,3
2015,2015_II,FALSE,IRN,m_18_59,2
2015,2015_II,FALSE,IRQ,m_18_59,2
2015,2015_II,FALSE,ISR,k_18_59,1
2015,2015_II,FALSE,ISR,m_17,2
2015,2015_II,FALSE,ISR,m_18_59,2
2015,2015_II,FALSE,JOR,m_18_59,2
2015,2015_II,FALSE,JPN,k_18_59,1
2015,2015_II,FALSE,KGZ,k_17,1
2015,2015_II,FALSE,KGZ,k_18_59,2
2015,2015_II,FALSE,KGZ,m_18_59,5
2015,2015_II,FALSE,KOSOVO,k_18_59,1
2015,2015_II,FALSE,LBN,m_18_59,1
2015,2015_II,FALSE,LBY,m_18_59,4
2015,2015_II,FALSE,LKA,m_18_59,2
2015,2015_II,FALSE,MAR,m_18_59,6
2015,2015_II,FALSE,MDA,k_18_59,2
2015,2015_II,FALSE,MDA,m_18_59,8
2015,2015_II,FALSE,MDG,k_17,1
2015,2015_II,FALSE,MDG,k_18_59,1
2015,2015_II,FALSE,MDG,m_18_59,2
2015,2015_II,FALSE,MEX,m_18_59,1
2015,2015_II,FALSE,MNE,m_17,1
2015,2015_II,FALSE,MNG,m_18_59,2
2015,2015_II,FALSE,NER,m_18_59,1
2015,2015_II,FALSE,NGA,m_18_59,10
2015,2015_II,FALSE,NIC,m_18_59,1
2015,2015_II,FALSE,PAK,m_18_59,13
2015,2015_II,FALSE,PSE,m_18_59,1
2015,2015_II,FALSE,RUS,k_17,17
2015,2015_II,FALSE,RUS,k_18_59,24
2015,2015_II,FALSE,RUS,k_60,4
2015,2015_II,FALSE,RUS,m_17,13
2015,2015_II,FALSE,RUS,m_18_59,55
2015,2015_II,FALSE,SAU,m_18_59,2
2015,2015_II,FALSE,SLV,k_18_59,1
2015,2015_II,FALSE,SRB,m_18_59,2
2015,2015_II,FALSE,SYR,m_18_59,2
2015,2015_II,FALSE,TKM,m_18_59,1
2015,2015_II,FALSE,TUN,m_18_59,10
2015,2015_II,FALSE,TUR,k_17,1
2015,2015_II,FALSE,TUR,k_18_59,1
2015,2015_II,FALSE,TUR,m_18_59,12
2015,2015_II,FALSE,TWN,m_18_59,1
2015,2015_II,FALSE,TZA,m_18_59,1
2015,2015_II,FALSE,UGA,m_18_59,1
2015,2015_II,FALSE,UKR,k_17,23
2015,2015_II,FALSE,UKR,k_18_59,312
2015,2015_II,FALSE,UKR,k_60,17
2015,2015_II,FALSE,UKR,m_17,28
2015,2015_II,FALSE,UKR,m_18_59,815
2015,2015_II,FALSE,UKR,m_60,5
2015,2015_II,FALSE,UNK,k_18_59,2
2015,2015_II,FALSE,UNK,m_17,2
2015,2015_II,FALSE,UNK,m_18_59,1
2015,2015_II,FALSE,USA,m_18_59,2
2015,2015_II,FALSE,UZB,m_18_59,1
2015,2015_II,FALSE,VNM,k_17,1
2015,2015_II,FALSE,VNM,k_18_59,15
2015,2015_II,FALSE,VNM,m_17,2
2015,2015_II,FALSE,VNM,m_18_59,51
2015,2015_II,FALSE,XXX,m_18_59,3
2015,2015_II,FALSE,ZWE,m_18_59,1
2015,2015_II,TRUE,BGD,m_18_59,1
2015,2015_II,TRUE,BLR,m_18_59,1
2015,2015_II,TRUE,BRA,m_18_59,1
2015,2015_II,TRUE,EGY,m_18_59,1
2015,2015_II,TRUE,LKA,m_18_59,1
2015,2015_II,TRUE,MDA,m_18_59,1
2015,2015_II,TRUE,MEX,m_18_59,1
2015,2015_II,TRUE,PAK,m_18_59,2
2015,2015_II,TRUE,RUS,m_18_59,1
2015,2015_II,TRUE,UKR,k_18_59,1
2015,2015_II,TRUE,UKR,m_18_59,13
2015,2015_II,TRUE,UZB,m_18_59,1
2015,2015_II,TRUE,VNM,m_18_59,1
2015,2015_II,TRUE,XXX,m_18_59,1
2016,2016_I,FALSE,ALB,m_18_59,1
2016,2016_I,FALSE,ARM,k_17,1
2016,2016_I,FALSE,ARM,k_18_59,5
2016,2016_I,FALSE,ARM,k_60,3
2016,2016_I,FALSE,ARM,m_18_59,10
2016,2016_I,FALSE,ARM,m_60,2
2016,2016_I,FALSE,AUS,m_18_59,2
2016,2016_I,FALSE,AZE,m_18_59,3
2016,2016_I,FALSE,BGD,m_18_59,4
2016,2016_I,FALSE,BLR,k_18_59,14
2016,2016_I,FALSE,BLR,m_18_59,45
2016,2016_I,FALSE,BRA,k_18_59,1
2016,2016_I,FALSE,CHN,k_18_59,4
2016,2016_I,FALSE,CHN,m_18_59,9
2016,2016_I,FALSE,COD,k_18_59,1
2016,2016_I,FALSE,COD,m_18_59,1
2016,2016_I,FALSE,CUB,m_18_59,1
2016,2016_I,FALSE,DZA,m_18_59,10
2016,2016_I,FALSE,EGY,m_18_59,3
2016,2016_I,FALSE,ETH,m_18_59,1
2016,2016_I,FALSE,GEO,k_17,9
2016,2016_I,FALSE,GEO,k_18_59,2
2016,2016_I,FALSE,GEO,m_17,1
2016,2016_I,FALSE,GEO,m_18_59,13
2016,2016_I,FALSE,GMB,m_18_59,1
2016,2016_I,FALSE,IDN,m_18_59,1
2016,2016_I,FALSE,IND,m_18_59,8
2016,2016_I,FALSE,IRN,k_18_59,1
2016,2016_I,FALSE,IRN,m_18_59,1
2016,2016_I,FALSE,IRQ,k_18_59,1
2016,2016_I,FALSE,IRQ,m_18_59,5
2016,2016_I,FALSE,ISR,m_18_59,1
2016,2016_I,FALSE,KAZ,k_18_59,5
2016,2016_I,FALSE,KAZ,m_18_59,3
2016,2016_I,FALSE,KEN,k_18_59,1
2016,2016_I,FALSE,KGZ,m_18_59,1
2016,2016_I,FALSE,KOSOVO,m_18_59,1
2016,2016_I,FALSE,LBN,m_18_59,3
2016,2016_I,FALSE,LBY,m_18_59,8
2016,2016_I,FALSE,LKA,m_18_59,1
2016,2016_I,FALSE,MAR,m_18_59,6
2016,2016_I,FALSE,MDA,m_18_59,11
2016,2016_I,FALSE,MDA,m_18_59,1
2016,2016_I,FALSE,MEX,k_18_59,1
2016,2016_I,FALSE,MNG,k_18_59,1
2016,2016_I,FALSE,MNG,m_18_59,1
2016,2016_I,FALSE,NGA,m_18_59,7
2016,2016_I,FALSE,NPL,m_18_59,1
2016,2016_I,FALSE,PAK,m_18_59,19
2016,2016_I,FALSE,PHL,m_18_59,1
2016,2016_I,FALSE,RUS,k_17,23
2016,2016_I,FALSE,RUS,k_18_59,36
2016,2016_I,FALSE,RUS,k_60,3
2016,2016_I,FALSE,RUS,m_17,14
2016,2016_I,FALSE,RUS,m_18_59,70
2016,2016_I,FALSE,SAU,k_18_59,2
2016,2016_I,FALSE,SAU,m_18_59,5
2016,2016_I,FALSE,SEN,m_18_59,3
2016,2016_I,FALSE,SRB,k_18_59,1
2016,2016_I,FALSE,SRB,m_18_59,3
2016,2016_I,FALSE,SYR,m_18_59,4
2016,2016_I,FALSE,TGO,m_18_59,1
2016,2016_I,FALSE,THA,k_18_59,1
2016,2016_I,FALSE,TJK,k_18_59,1
2016,2016_I,FALSE,TJK,m_17,1
2016,2016_I,FALSE,TJK,m_18_59,2
2016,2016_I,FALSE,TUN,m_18_59,8
2016,2016_I,FALSE,TUR,k_18_59,2
2016,2016_I,FALSE,TUR,m_18_59,10
2016,2016_I,FALSE,UKR,k_17,40
2016,2016_I,FALSE,UKR,k_18_59,419
2016,2016_I,FALSE,UKR,k_60,21
2016,2016_I,FALSE,UKR,m_17,44
2016,2016_I,FALSE,UKR,m_18_59,1016
2016,2016_I,FALSE,UKR,m_60,6
2016,2016_I,FALSE,UNK,m_18_59,1
2016,2016_I,FALSE,USA,k_60,1
2016,2016_I,FALSE,USA,m_18_59,2
2016,2016_I,FALSE,VNM,k_18_59,9
2016,2016_I,FALSE,VNM,m_17,2
2016,2016_I,FALSE,VNM,m_18_59,38
2016,2016_I,FALSE,VNM,m_60,1
2016,2016_I,FALSE,XXX,m_18_59,5
2016,2016_I,FALSE,YEM,m_18_59,2
2016,2016_I,TRUE,AFG,m_18_59,1
2016,2016_I,TRUE,ALB,m_18_59,1
2016,2016_I,TRUE,BLR,m_18_59,1
2016,2016_I,TRUE,DZA,m_18_59,1
2016,2016_I,TRUE,MAR,m_18_59,1
2016,2016_I,TRUE,RUS,m_18_59,1
2016,2016_I,TRUE,UKR,k_18_59,2
2016,2016_I,TRUE,UKR,m_18_59,7
2016,2016_II,FALSE,AFG,k_60,1
2016,2016_II,FALSE,AFG,m_18_59,1
2016,2016_II,FALSE,AGO,k_18_59,1
2016,2016_II,FALSE,ALB,m_18_59,2
2016,2016_II,FALSE,ARG,m_18_59,1
2016,2016_II,FALSE,ARM,k_17,2
2016,2016_II,FALSE,ARM,k_18_59,1
2016,2016_II,FALSE,ARM,m_18_59,23
2016,2016_II,FALSE,AUS,m_18_59,1
2016,2016_II,FALSE,AZE,k_17,2
2016,2016_II,FALSE,AZE,k_18_59,1
2016,2016_II,FALSE,AZE,m_18_59,2
2016,2016_II,FALSE,BFA,m_18_59,1
2016,2016_II,FALSE,BGD,m_18_59,12
2016,2016_II,FALSE,BLR,k_18_59,10
2016,2016_II,FALSE,BLR,k_60,1
2016,2016_II,FALSE,BLR,m_17,1
2016,2016_II,FALSE,BLR,m_18_59,39
2016,2016_II,FALSE,BRA,m_18_59,2
2016,2016_II,FALSE,CAN,m_18_59,1
2016,2016_II,FALSE,CHN,k_18_59,3
2016,2016_II,FALSE,CHN,m_18_59,7
2016,2016_II,FALSE,CMR,m_18_59,2
2016,2016_II,FALSE,COD,k_18_59,3
2016,2016_II,FALSE,COD,m_18_59,1
2016,2016_II,FALSE,CUB,k_18_59,2
2016,2016_II,FALSE,CUB,m_18_59,1
2016,2016_II,FALSE,DZA,m_18_59,12
2016,2016_II,FALSE,EGY,m_18_59,3
2016,2016_II,FALSE,ETH,m_18_59,1
2016,2016_II,FALSE,GEO,k_17,2
2016,2016_II,FALSE,GEO,k_18_59,4
2016,2016_II,FALSE,GEO,k_60,1
2016,2016_II,FALSE,GEO,m_17,4
2016,2016_II,FALSE,GEO,m_18_59,9
2016,2016_II,FALSE,GHA,m_18_59,1
2016,2016_II,FALSE,GIN,m_18_59,1
2016,2016_II,FALSE,GMB,m_18_59,2
2016,2016_II,FALSE,IND,k_18_59,5
2016,2016_II,FALSE,IND,m_18_59,12
2016,2016_II,FALSE,IRN,k_18_59,2
2016,2016_II,FALSE,IRN,m_17,1
2016,2016_II,FALSE,IRN,m_18_59,4
2016,2016_II,FALSE,IRQ,m_18_59,4
2016,2016_II,FALSE,KAZ,k_17,1
2016,2016_II,FALSE,KAZ,k_18_59,2
2016,2016_II,FALSE,KAZ,m_17,2
2016,2016_II,FALSE,KAZ,m_18_59,3
2016,2016_II,FALSE,KGZ,m_18_59,1
2016,2016_II,FALSE,LBY,k_18_59,1
2016,2016_II,FALSE,LBY,m_18_59,4
2016,2016_II,FALSE,LKA,m_18_59,1
2016,2016_II,FALSE,MAR,m_18_59,3
2016,2016_II,FALSE,MDA,k_18_59,4
2016,2016_II,FALSE,MDA,m_18_59,13
2016,2016_II,FALSE,MEX,m_18_59,2
2016,2016_II,FALSE,MNG,k_18_59,2
2016,2016_II,FALSE,MNG,m_18_59,3
2016,2016_II,FALSE,MUS,m_18_59,1
2016,2016_II,FALSE,NGA,m_18_59,9
2016,2016_II,FALSE,NPL,m_18_59,5
2016,2016_II,FALSE,PAK,m_17,1
2016,2016_II,FALSE,PAK,m_18_59,12
2016,2016_II,FALSE,PHL,k_18_59,1
2016,2016_II,FALSE,RUS,k_17,25
2016,2016_II,FALSE,RUS,k_18_59,42
2016,2016_II,FALSE,RUS,k_60,3
2016,2016_II,FALSE,RUS,m_17,57
2016,2016_II,FALSE,RUS,m_18_59,80
2016,2016_II,FALSE,SAU,m_18_59,5
2016,2016_II,FALSE,SRB,k_17,2
2016,2016_II,FALSE,SRB,k_18_59,1
2016,2016_II,FALSE,SRB,m_17,1
2016,2016_II,FALSE,SRB,m_18_59,2
2016,2016_II,FALSE,SYR,m_18_59,5
2016,2016_II,FALSE,THA,m_18_59,3
2016,2016_II,FALSE,TJK,k_17,1
2016,2016_II,FALSE,TJK,k_18_59,1
2016,2016_II,FALSE,TJK,m_18_59,2
2016,2016_II,FALSE,TUN,k_18_59,1
2016,2016_II,FALSE,TUN,m_18_59,8
2016,2016_II,FALSE,TUR,k_18_59,2
2016,2016_II,FALSE,TUR,m_18_59,12
2016,2016_II,FALSE,TWN,k_17,1
2016,2016_II,FALSE,TWN,k_18_59,2
2016,2016_II,FALSE,TWN,m_18_59,2
2016,2016_II,FALSE,UKR,k_17,34
2016,2016_II,FALSE,UKR,k_18_59,502
2016,2016_II,FALSE,UKR,k_60,22
2016,2016_II,FALSE,UKR,m_17,43
2016,2016_II,FALSE,UKR,m_18_59,1222
2016,2016_II,FALSE,UKR,m_60,4
2016,2016_II,FALSE,USA,m_18_59,2
2016,2016_II,FALSE,UZB,m_18_59,9
2016,2016_II,FALSE,VEN,m_18_59,1
2016,2016_II,FALSE,VNM,k_18_59,6
2016,2016_II,FALSE,VNM,m_17,14
2016,2016_II,FALSE,VNM,m_18_59,42
2016,2016_II,FALSE,XXX,m_18_59,3
2016,2016_II,TRUE,AFG,k_18_59,1
2016,2016_II,TRUE,ARM,m_18_59,1
2016,2016_II,TRUE,BGD,m_18_59,1
2016,2016_II,TRUE,CHN,m_18_59,2
2016,2016_II,TRUE,CUB,m_18_59,1
2016,2016_II,TRUE,EGY,m_18_59,1
2016,2016_II,TRUE,IND,m_18_59,1
2016,2016_II,TRUE,MDA,k_18_59,1
2016,2016_II,TRUE,MDA,m_18_59,2
2016,2016_II,TRUE,NGA,m_18_59,1
2016,2016_II,TRUE,RUS,m_18_59,3
2016,2016_II,TRUE,SAU,k_18_59,1
2016,2016_II,TRUE,UKR,k_18_59,4
2016,2016_II,TRUE,UKR,m_18_59,13
2016,2016_II,TRUE,VNM,k_18_59,2
2016,2016_II,TRUE,VNM,m_18_59,2
2017,2017_I,FALSE,AFG,m_18_59,2
2017,2017_I,FALSE,AGO,k_18_59,3
2017,2017_I,FALSE,AGO,m_18_59,1
2017,2017_I,FALSE,ALB,m_18_59,2
2017,2017_I,FALSE,ARG,m_18_59,1
2017,2017_I,FALSE,ARM,k_18_59,6
2017,2017_I,FALSE,ARM,k_60,3
2017,2017_I,FALSE,ARM,m_17,1
2017,2017_I,FALSE,ARM,m_18_59,18
2017,2017_I,FALSE,ARM,m_60,1
2017,2017_I,FALSE,AZE,k_17,1
2017,2017_I,FALSE,AZE,k_18_59,2
2017,2017_I,FALSE,AZE,m_18_59,3
2017,2017_I,FALSE,BGD,m_18_59,10
2017,2017_I,FALSE,BLR,k_17,1
2017,2017_I,FALSE,BLR,k_18_59,18
2017,2017_I,FALSE,BLR,m_17,3
2017,2017_I,FALSE,BLR,m_18_59,58
2017,2017_I,FALSE,BLR,m_60,2
2017,2017_I,FALSE,BRA,k_18_59,1
2017,2017_I,FALSE,BRA,m_18_59,1
2017,2017_I,FALSE,CAN,k_18_59,2
2017,2017_I,FALSE,CAN,m_18_59,2
2017,2017_I,FALSE,CHN,k_18_59,7
2017,2017_I,FALSE,CHN,m_18_59,9
2017,2017_I,FALSE,CIV,m_18_59,1
2017,2017_I,FALSE,CMR,m_18_59,2
2017,2017_I,FALSE,COL,k_18_59,1
2017,2017_I,FALSE,COL,m_18_59,6
2017,2017_I,FALSE,CUB,m_18_59,1
2017,2017_I,FALSE,DZA,m_18_59,10
2017,2017_I,FALSE,EGY,k_17,3
2017,2017_I,FALSE,EGY,k_18_59,1
2017,2017_I,FALSE,EGY,m_17,1
2017,2017_I,FALSE,EGY,m_18_59,7
2017,2017_I,FALSE,GEO,k_18_59,6
2017,2017_I,FALSE,GEO,m_17,4
2017,2017_I,FALSE,GEO,m_18_59,23
2017,2017_I,FALSE,GHA,m_18_59,1
2017,2017_I,FALSE,GMB,m_18_59,1
2017,2017_I,FALSE,IND,k_18_59,3
2017,2017_I,FALSE,IND,m_17,1
2017,2017_I,FALSE,IND,m_18_59,16
2017,2017_I,FALSE,IRN,k_18_59,3
2017,2017_I,FALSE,IRN,m_18_59,7
2017,2017_I,FALSE,IRQ,k_18_59,1
2017,2017_I,FALSE,IRQ,m_18_59,4
2017,2017_I,FALSE,JOR,k_18_59,1
2017,2017_I,FALSE,KAZ,k_17,2
2017,2017_I,FALSE,KAZ,k_18_59,3
2017,2017_I,FALSE,KAZ,m_18_59,8
2017,2017_I,FALSE,KEN,k_18_59,1
2017,2017_I,FALSE,KEN,m_18_59,2
2017,2017_I,FALSE,KGZ,k_17,2
2017,2017_I,FALSE,KGZ,k_18_59,6
2017,2017_I,FALSE,KGZ,m_17,2
2017,2017_I,FALSE,KGZ,m_18_59,7
2017,2017_I,FALSE,KOSOVO,m_18_59,2
2017,2017_I,FALSE,LBN,k_18_59,1
2017,2017_I,FALSE,LBN,m_18_59,1
2017,2017_I,FALSE,LBY,m_18_59,1
2017,2017_I,FALSE,MAR,k_18_59,1
2017,2017_I,FALSE,MAR,m_18_59,2
2017,2017_I,FALSE,MDA,k_18_59,7
2017,2017_I,FALSE,MDA,m_18_59,19
2017,2017_I,FALSE,MEX,k_18_59,1
2017,2017_I,FALSE,MLI,m_18_59,2
2017,2017_I,FALSE,MNG,m_18_59,2
2017,2017_I,FALSE,MYS,m_18_59,2
2017,2017_I,FALSE,NGA,k_17,1
2017,2017_I,FALSE,NGA,k_18_59,8
2017,2017_I,FALSE,NGA,m_18_59,15
2017,2017_I,FALSE,NPL,m_18_59,1
2017,2017_I,FALSE,NZL,m_18_59,1
2017,2017_I,FALSE,PAK,k_18_59,1
2017,2017_I,FALSE,PAK,m_18_59,13
2017,2017_I,FALSE,PER,m_18_59,1
2017,2017_I,FALSE,PHL,k_18_59,3
2017,2017_I,FALSE,PHL,m_18_59,1
2017,2017_I,FALSE,PSE,m_18_59,2
2017,2017_I,FALSE,RUS,k_17,131
2017,2017_I,FALSE,RUS,k_18_59,108
2017,2017_I,FALSE,RUS,k_60,5
2017,2017_I,FALSE,RUS,m_17,121
2017,2017_I,FALSE,RUS,m_18_59,137
2017,2017_I,FALSE,RUS,m_60,1
2017,2017_I,FALSE,SAU,k_18_59,2
2017,2017_I,FALSE,SAU,m_18_59,5
2017,2017_I,FALSE,SDN,m_18_59,1
2017,2017_I,FALSE,SEN,m_18_59,1
2017,2017_I,FALSE,SOM,m_18_59,1
2017,2017_I,FALSE,SRB,m_18_59,5
2017,2017_I,FALSE,SYR,m_18_59,3
2017,2017_I,FALSE,THA,k_18_59,1
2017,2017_I,FALSE,TJK,k_17,1
2017,2017_I,FALSE,TJK,k_18_59,5
2017,2017_I,FALSE,TJK,m_17,5
2017,2017_I,FALSE,TJK,m_18_59,5
2017,2017_I,FALSE,TUN,m_18_59,5
2017,2017_I,FALSE,TUR,k_18_59,7
2017,2017_I,FALSE,TUR,k_60,1
2017,2017_I,FALSE,TUR,m_17,2
2017,2017_I,FALSE,TUR,m_18_59,20
2017,2017_I,FALSE,TWN,m_18_59,1
2017,2017_I,FALSE,TZA,k_18_59,1
2017,2017_I,FALSE,TZA,m_18_59,2
2017,2017_I,FALSE,UKR,k_17,50
2017,2017_I,FALSE,UKR,k_18_59,599
2017,2017_I,FALSE,UKR,k_60,36
2017,2017_I,FALSE,UKR,m_17,45
2017,2017_I,FALSE,UKR,m_18_59,1238
2017,2017_I,FALSE,UKR,m_60,8
2017,2017_I,FALSE,UNK,m_18_59,2
2017,2017_I,FALSE,USA,m_18_59,4
2017,2017_I,FALSE,UZB,m_18_59,13
2017,2017_I,FALSE,VEN,m_18_59,1
2017,2017_I,FALSE,VNM,k_18_59,11
2017,2017_I,FALSE,VNM,m_17,1
2017,2017_I,FALSE,VNM,m_18_59,45
2017,2017_I,FALSE,XXX,k_17,1
2017,2017_I,FALSE,XXX,k_18_59,1
2017,2017_I,FALSE,XXX,k_60,1
2017,2017_I,FALSE,XXX,m_18_59,11
2017,2017_I,FALSE,ZWE,m_18_59,1
2017,2017_I,TRUE,BGD,m_18_59,1
2017,2017_I,TRUE,MAR,m_18_59,1
2017,2017_I,TRUE,PAK,m_18_59,2
2017,2017_I,TRUE,RUS,k_18_59,2
2017,2017_I,TRUE,RUS,m_18_59,1
2017,2017_I,TRUE,UKR,k_17,1
2017,2017_I,TRUE,UKR,k_18_59,2
2017,2017_I,TRUE,UKR,m_17,1
2017,2017_I,TRUE,UKR,m_18_59,8
2017,2017_II,FALSE,AFG,m_18_59,2
2017,2017_II,FALSE,AGO,k_18_59,1
2017,2017_II,FALSE,AGO,m_18_59,1
2017,2017_II,FALSE,ALB,m_18_59,3
2017,2017_II,FALSE,ARG,m_18_59,1
2017,2017_II,FALSE,ARM,k_17,2
2017,2017_II,FALSE,ARM,k_18_59,6
2017,2017_II,FALSE,ARM,k_60,1
2017,2017_II,FALSE,ARM,m_17,4
2017,2017_II,FALSE,ARM,m_18_59,15
2017,2017_II,FALSE,ARM,m_60,1
2017,2017_II,FALSE,AUS,m_18_59,2
2017,2017_II,FALSE,AZE,k_18_59,1
2017,2017_II,FALSE,AZE,m_17,1
2017,2017_II,FALSE,AZE,m_18_59,2
2017,2017_II,FALSE,BEL,m_18_59,1
2017,2017_II,FALSE,BGD,k_17,1
2017,2017_II,FALSE,BGD,k_18_59,1
2017,2017_II,FALSE,BGD,m_17,3
2017,2017_II,FALSE,BGD,m_18_59,27
2017,2017_II,FALSE,BIH,k_18_59,1
2017,2017_II,FALSE,BIH,m_17,1
2017,2017_II,FALSE,BLR,k_17,1
2017,2017_II,FALSE,BLR,k_18_59,14
2017,2017_II,FALSE,BLR,m_17,1
2017,2017_II,FALSE,BLR,m_18_59,57
2017,2017_II,FALSE,BRA,k_18_59,2
2017,2017_II,FALSE,BRA,m_18_59,4
2017,2017_II,FALSE,CAN,k_18_59,1
2017,2017_II,FALSE,CAN,m_18_59,1
2017,2017_II,FALSE,CHN,k_18_59,10
2017,2017_II,FALSE,CHN,m_17,1
2017,2017_II,FALSE,CHN,m_18_59,12
2017,2017_II,FALSE,CMR,m_18_59,1
2017,2017_II,FALSE,COG,m_18_59,1
2017,2017_II,FALSE,COL,m_18_59,1
2017,2017_II,FALSE,DZA,k_18_59,1
2017,2017_II,FALSE,DZA,m_18_59,12
2017,2017_II,FALSE,ECU,m_18_59,2
2017,2017_II,FALSE,EGY,k_17,1
2017,2017_II,FALSE,EGY,k_18_59,1
2017,2017_II,FALSE,EGY,m_18_59,9
2017,2017_II,FALSE,ETH,m_18_59,1
2017,2017_II,FALSE,GEO,k_17,4
2017,2017_II,FALSE,GEO,k_18_59,9
2017,2017_II,FALSE,GEO,k_60,1
2017,2017_II,FALSE,GEO,m_17,2
2017,2017_II,FALSE,GEO,m_18_59,25
2017,2017_II,FALSE,GHA,m_18_59,1
2017,2017_II,FALSE,IDN,k_18_59,2
2017,2017_II,FALSE,IDN,m_18_59,1
2017,2017_II,FALSE,IND,k_17,1
2017,2017_II,FALSE,IND,k_18_59,6
2017,2017_II,FALSE,IND,m_17,1
2017,2017_II,FALSE,IND,m_18_59,38
2017,2017_II,FALSE,IRN,k_18_59,2
2017,2017_II,FALSE,IRN,m_18_59,9
2017,2017_II,FALSE,IRQ,k_17,1
2017,2017_II,FALSE,IRQ,k_18_59,2
2017,2017_II,FALSE,IRQ,m_17,2
2017,2017_II,FALSE,IRQ,m_18_59,11
2017,2017_II,FALSE,ISR,k_18_59,1
2017,2017_II,FALSE,JOR,k_17,1
2017,2017_II,FALSE,JOR,m_17,1
2017,2017_II,FALSE,JOR,m_18_59,3
2017,2017_II,FALSE,JPN,k_18_59,1
2017,2017_II,FALSE,KAZ,k_18_59,2
2017,2017_II,FALSE,KAZ,k_60,1
2017,2017_II,FALSE,KAZ,m_18_59,5
2017,2017_II,FALSE,KEN,m_18_59,2
2017,2017_II,FALSE,KGZ,k_17,6
2017,2017_II,FALSE,KGZ,k_18_59,3
2017,2017_II,FALSE,KGZ,m_17,3
2017,2017_II,FALSE,KGZ,m_18_59,8
2017,2017_II,FALSE,KOSOVO,m_18_59,2
2017,2017_II,FALSE,LBN,m_18_59,2
2017,2017_II,FALSE,LBY,k_18_59,1
2017,2017_II,FALSE,LBY,m_18_59,1
2017,2017_II,FALSE,LKA,m_18_59,1
2017,2017_II,FALSE,MAR,k_18_59,3
2017,2017_II,FALSE,MAR,m_18_59,6
2017,2017_II,FALSE,MDA,k_17,1
2017,2017_II,FALSE,MDA,k_18_59,4
2017,2017_II,FALSE,MDA,m_17,2
2017,2017_II,FALSE,MDA,m_18_59,20
2017,2017_II,FALSE,MEX,k_18_59,1
2017,2017_II,FALSE,MEX,m_18_59,1
2017,2017_II,FALSE,MKD,m_18_59,2
2017,2017_II,FALSE,MNG,k_18_59,1
2017,2017_II,FALSE,MNG,m_18_59,1
2017,2017_II,FALSE,NGA,k_18_59,1
2017,2017_II,FALSE,NGA,m_18_59,11
2017,2017_II,FALSE,NPL,m_18_59,10
2017,2017_II,FALSE,NZL,m_18_59,1
2017,2017_II,FALSE,PAK,k_18_59,1
2017,2017_II,FALSE,PAK,m_17,1
2017,2017_II,FALSE,PAK,m_18_59,26
2017,2017_II,FALSE,PHL,k_18_59,3
2017,2017_II,FALSE,PHL,m_18_59,1
2017,2017_II,FALSE,PSE,m_18_59,3
2017,2017_II,FALSE,RUS,k_17,91
2017,2017_II,FALSE,RUS,k_18_59,85
2017,2017_II,FALSE,RUS,k_60,2
2017,2017_II,FALSE,RUS,m_17,96
2017,2017_II,FALSE,RUS,m_18_59,122
2017,2017_II,FALSE,RUS,m_60,1
2017,2017_II,FALSE,SAU,k_18_59,1
2017,2017_II,FALSE,SAU,m_18_59,4
2017,2017_II,FALSE,SDN,m_18_59,1
2017,2017_II,FALSE,SEN,m_18_59,2
2017,2017_II,FALSE,SLE,m_18_59,1
2017,2017_II,FALSE,SOM,m_18_59,1
2017,2017_II,FALSE,SRB,k_18_59,2
2017,2017_II,FALSE,SRB,m_18_59,7
2017,2017_II,FALSE,SYR,m_18_59,3
2017,2017_II,FALSE,THA,k_18_59,2
2017,2017_II,FALSE,THA,m_18_59,2
2017,2017_II,FALSE,TJK,k_17,5
2017,2017_II,FALSE,TJK,k_18_59,2
2017,2017_II,FALSE,TJK,m_18_59,17
2017,2017_II,FALSE,TUN,m_18_59,6
2017,2017_II,FALSE,TUR,k_17,1
2017,2017_II,FALSE,TUR,m_18_59,16
2017,2017_II,FALSE,UGA,m_18_59,1
2017,2017_II,FALSE,UKR,k_17,22
2017,2017_II,FALSE,UKR,k_18_59,478
2017,2017_II,FALSE,UKR,k_60,28
2017,2017_II,FALSE,UKR,m_17,36
2017,2017_II,FALSE,UKR,m_18_59,1304
2017,2017_II,FALSE,UKR,m_60,4
2017,2017_II,FALSE,UNK,k_18_59,1
2017,2017_II,FALSE,UNK,m_18_59,1
2017,2017_II,FALSE,USA,k_18_59,1
2017,2017_II,FALSE,USA,m_17,1
2017,2017_II,FALSE,USA,m_18_59,2
2017,2017_II,FALSE,UZB,k_18_59,2
2017,2017_II,FALSE,UZB,m_18_59,8
2017,2017_II,FALSE,VEN,m_18_59,1
2017,2017_II,FALSE,VNM,k_17,2
2017,2017_II,FALSE,VNM,k_18_59,25
2017,2017_II,FALSE,VNM,m_17,3
2017,2017_II,FALSE,VNM,m_18_59,57
2017,2017_II,FALSE,XXX,k_17,1
2017,2017_II,FALSE,XXX,k_18_59,1
2017,2017_II,FALSE,XXX,m_18_59,4
2017,2017_II,FALSE,YEM,m_18_59,1
2017,2017_II,FALSE,ZAF,m_18_59,2
2017,2017_II,TRUE,BGD,m_18_59,2
2017,2017_II,TRUE,DZA,m_18_59,1
2017,2017_II,TRUE,EGY,m_18_59,1
2017,2017_II,TRUE,IND,m_18_59,1
2017,2017_II,TRUE,KAZ,m_18_59,1
2017,2017_II,TRUE,KGZ,k_18_59,1
2017,2017_II,TRUE,MDA,m_18_59,1
2017,2017_II,TRUE,NGA,k_18_59,1
2017,2017_II,TRUE,PAK,m_18_59,3
2017,2017_II,TRUE,RUS,k_17,8
2017,2017_II,TRUE,RUS,k_18_59,6
2017,2017_II,TRUE,RUS,m_17,7
2017,2017_II,TRUE,RUS,m_18_59,10
2017,2017_II,TRUE,TUR,m_18_59,1
2017,2017_II,TRUE,UKR,k_18_59,4
2017,2017_II,TRUE,UKR,m_18_59,21
2017,2017_II,TRUE,VNM,m_18_59,1
2018,2018_I,FALSE,AFG,m_18_59,2
2018,2018_I,FALSE,ALB,k_18_59,2
2018,2018_I,FALSE,ALB,m_18_59,2
2018,2018_I,FALSE,ARG,m_18_59,1
2018,2018_I,FALSE,ARM,k_17,5
2018,2018_I,FALSE,ARM,k_18_59,10
2018,2018_I,FALSE,ARM,m_17,2
2018,2018_I,FALSE,ARM,m_18_59,12
2018,2018_I,FALSE,AUS,k_18_59,1
2018,2018_I,FALSE,AUS,k_60,1
2018,2018_I,FALSE,AUS,m_18_59,1
2018,2018_I,FALSE,AZE,k_18_59,1
2018,2018_I,FALSE,AZE,m_17,2
2018,2018_I,FALSE,AZE,m_18_59,9
2018,2018_I,FALSE,BGD,m_18_59,17
2018,2018_I,FALSE,BGR,m_18_59,1
2018,2018_I,FALSE,BLR,k_17,1
2018,2018_I,FALSE,BLR,k_18_59,24
2018,2018_I,FALSE,BLR,k_60,2
2018,2018_I,FALSE,BLR,m_17,1
2018,2018_I,FALSE,BLR,m_18_59,84
2018,2018_I,FALSE,BLR,m_60,1
2018,2018_I,FALSE,BRA,k_18_59,4
2018,2018_I,FALSE,BRA,m_18_59,7
2018,2018_I,FALSE,CAN,m_18_59,1
2018,2018_I,FALSE,CHN,k_17,2
2018,2018_I,FALSE,CHN,k_18_59,20
2018,2018_I,FALSE,CHN,k_60,1
2018,2018_I,FALSE,CHN,m_17,1
2018,2018_I,FALSE,CHN,m_18_59,23
2018,2018_I,FALSE,CIV,k_18_59,1
2018,2018_I,FALSE,CMR,m_18_59,1
2018,2018_I,FALSE,COD,m_18_59,1
2018,2018_I,FALSE,COG,k_18_59,1
2018,2018_I,FALSE,COG,m_17,4
2018,2018_I,FALSE,COG,m_18_59,5
2018,2018_I,FALSE,COL,k_18_59,1
2018,2018_I,FALSE,COL,m_18_59,1
2018,2018_I,FALSE,COM,m_18_59,1
2018,2018_I,FALSE,CYP,k_18_59,1
2018,2018_I,FALSE,DZA,k_18_59,1
2018,2018_I,FALSE,DZA,m_18_59,31
2018,2018_I,FALSE,EGY,k_60,1
2018,2018_I,FALSE,EGY,m_18_59,15
2018,2018_I,FALSE,GEO,k_17,4
2018,2018_I,FALSE,GEO,k_18_59,10
2018,2018_I,FALSE,GEO,k_60,2
2018,2018_I,FALSE,GEO,m_17,5
2018,2018_I,FALSE,GEO,m_18_59,118
2018,2018_I,FALSE,GEO,m_60,1
2018,2018_I,FALSE,GHA,m_18_59,2
2018,2018_I,FALSE,GIN,m_18_59,3
2018,2018_I,FALSE,HRV,m_18_59,1
2018,2018_I,FALSE,IND,k_18_59,3
2018,2018_I,FALSE,IND,m_17,1
2018,2018_I,FALSE,IND,m_18_59,53
2018,2018_I,FALSE,IND,m_60,1
2018,2018_I,FALSE,IRN,k_18_59,4
2018,2018_I,FALSE,IRN,m_18_59,12
2018,2018_I,FALSE,IRN,m_60,1
2018,2018_I,FALSE,IRQ,k_17,1
2018,2018_I,FALSE,IRQ,k_18_59,4
2018,2018_I,FALSE,IRQ,m_17,2
2018,2018_I,FALSE,IRQ,m_18_59,16
2018,2018_I,FALSE,IRQ,m_60,1
2018,2018_I,FALSE,ISR,m_18_59,1
2018,2018_I,FALSE,JAM,m_18_59,1
2018,2018_I,FALSE,JOR,m_18_59,2
2018,2018_I,FALSE,KAZ,k_17,2
2018,2018_I,FALSE,KAZ,k_18_59,7
2018,2018_I,FALSE,KAZ,m_17,1
2018,2018_I,FALSE,KAZ,m_18_59,8
2018,2018_I,FALSE,KGZ,k_17,4
2018,2018_I,FALSE,KGZ,k_18_59,8
2018,2018_I,FALSE,KGZ,m_17,3
2018,2018_I,FALSE,KGZ,m_18_59,7
2018,2018_I,FALSE,KOR,m_18_59,3
2018,2018_I,FALSE,LBN,m_18_59,3
2018,2018_I,FALSE,LBY,k_18_59,1
2018,2018_I,FALSE,LBY,m_18_59,2
2018,2018_I,FALSE,LKA,m_18_59,1
2018,2018_I,FALSE,MAR,m_18_59,8
2018,2018_I,FALSE,MDA,k_17,2
2018,2018_I,FALSE,MDA,k_18_59,13
2018,2018_I,FALSE,MDA,m_17,3
2018,2018_I,FALSE,MDA,m_18_59,30
2018,2018_I,FALSE,MDA,m_60,1
2018,2018_I,FALSE,MEX,m_18_59,1
2018,2018_I,FALSE,MKD,k_18_59,1
2018,2018_I,FALSE,MKD,m_18_59,1
2018,2018_I,FALSE,MLI,m_18_59,1
2018,2018_I,FALSE,MNG,m_18_59,1
2018,2018_I,FALSE,NGA,m_18_59,10
2018,2018_I,FALSE,NPL,m_18_59,20
2018,2018_I,FALSE,NZL,m_18_59,1
2018,2018_I,FALSE,PAK,k_18_59,2
2018,2018_I,FALSE,PAK,m_18_59,35
2018,2018_I,FALSE,PAK,m_60,1
2018,2018_I,FALSE,PHL,k_18_59,2
2018,2018_I,FALSE,PHL,m_18_59,1
2018,2018_I,FALSE,PSE,m_18_59,3
2018,2018_I,FALSE,RUS,k_17,59
2018,2018_I,FALSE,RUS,k_18_59,63
2018,2018_I,FALSE,RUS,k_60,5
2018,2018_I,FALSE,RUS,m_17,45
2018,2018_I,FALSE,RUS,m_18_59,102
2018,2018_I,FALSE,RUS,m_60,1
2018,2018_I,FALSE,SAU,k_18_59,3
2018,2018_I,FALSE,SAU,m_18_59,7
2018,2018_I,FALSE,SDN,m_18_59,2
2018,2018_I,FALSE,SEN,m_18_59,3
2018,2018_I,FALSE,SRB,m_18_59,1
2018,2018_I,FALSE,SYR,k_18_59,1
2018,2018_I,FALSE,SYR,m_18_59,6
2018,2018_I,FALSE,THA,m_18_59,3
2018,2018_I,FALSE,TJK,k_17,9
2018,2018_I,FALSE,TJK,k_18_59,6
2018,2018_I,FALSE,TJK,m_17,6
2018,2018_I,FALSE,TJK,m_18_59,12
2018,2018_I,FALSE,TUN,m_18_59,8
2018,2018_I,FALSE,TUR,k_18_59,3
2018,2018_I,FALSE,TUR,m_18_59,25
2018,2018_I,FALSE,TWN,k_18_59,5
2018,2018_I,FALSE,TWN,m_18_59,37
2018,2018_I,FALSE,UKR,k_17,34
2018,2018_I,FALSE,UKR,k_18_59,512
2018,2018_I,FALSE,UKR,k_60,34
2018,2018_I,FALSE,UKR,m_17,32
2018,2018_I,FALSE,UKR,m_18_59,1223
2018,2018_I,FALSE,UKR,m_60,7
2018,2018_I,FALSE,UNK,m_18_59,1
2018,2018_I,FALSE,USA,k_18_59,1
2018,2018_I,FALSE,USA,m_18_59,5
2018,2018_I,FALSE,UZB,k_18_59,4
2018,2018_I,FALSE,UZB,m_18_59,19
2018,2018_I,FALSE,VEN,m_18_59,1
2018,2018_I,FALSE,VNM,k_18_59,14
2018,2018_I,FALSE,VNM,k_60,4
2018,2018_I,FALSE,VNM,m_17,3
2018,2018_I,FALSE,VNM,m_18_59,44
2018,2018_I,FALSE,XXX,k_18_59,1
2018,2018_I,FALSE,XXX,m_18_59,4
2018,2018_I,FALSE,YEM,m_18_59,3
2018,2018_I,FALSE,ZAF,m_18_59,1
2018,2018_I,FALSE,ZWE,k_18_59,1
2018,2018_I,FALSE,ZWE,m_18_59,1
2018,2018_I,TRUE,BGD,m_18_59,1
2018,2018_I,TRUE,PAK,m_18_59,1
2018,2018_I,TRUE,SYR,m_18_59,2
2018,2018_I,TRUE,TUR,m_18_59,1
2018,2018_I,TRUE,UKR,k_18_59,1
2018,2018_I,TRUE,UKR,m_18_59,9
2018,2018_II,FALSE,AFG,k_17,1
2018,2018_II,FALSE,AFG,k_18_59,1
2018,2018_II,FALSE,AFG,m_17,5
2018,2018_II,FALSE,AFG,m_18_59,5
2018,2018_II,FALSE,AGO,m_18_59,3
2018,2018_II,FALSE,ALB,k_18_59,1
2018,2018_II,FALSE,ALB,m_18_59,6
2018,2018_II,FALSE,ARM,k_17,4
2018,2018_II,FALSE,ARM,k_18_59,6
2018,2018_II,FALSE,ARM,k_60,1
2018,2018_II,FALSE,ARM,m_17,3
2018,2018_II,FALSE,ARM,m_18_59,6
2018,2018_II,FALSE,AUS,m_18_59,2
2018,2018_II,FALSE,AZE,k_18_59,1
2018,2018_II,FALSE,AZE,m_17,1
2018,2018_II,FALSE,AZE,m_18_59,11
2018,2018_II,FALSE,BGD,m_18_59,7
2018,2018_II,FALSE,BIH,m_18_59,1
2018,2018_II,FALSE,BLR,k_17,2
2018,2018_II,FALSE,BLR,k_18_59,24
2018,2018_II,FALSE,BLR,k_60,1
2018,2018_II,FALSE,BLR,m_18_59,68
2018,2018_II,FALSE,BLR,m_60,1
2018,2018_II,FALSE,BRA,m_18_59,9
2018,2018_II,FALSE,CAN,k_18_59,3
2018,2018_II,FALSE,CAN,m_18_59,1
2018,2018_II,FALSE,CAN,m_60,1
2018,2018_II,FALSE,CHN,k_18_59,11
2018,2018_II,FALSE,CHN,m_18_59,19
2018,2018_II,FALSE,CHN,m_60,1
2018,2018_II,FALSE,CIV,m_18_59,1
2018,2018_II,FALSE,CMR,m_18_59,2
2018,2018_II,FALSE,COG,k_18_59,2
2018,2018_II,FALSE,COG,m_18_59,1
2018,2018_II,FALSE,COL,m_18_59,5
2018,2018_II,FALSE,CRI,k_18_59,1
2018,2018_II,FALSE,DZA,k_18_59,1
2018,2018_II,FALSE,DZA,m_18_59,18
2018,2018_II,FALSE,ECU,m_18_59,1
2018,2018_II,FALSE,EGY,m_18_59,13
2018,2018_II,FALSE,ETH,k_18_59,1
2018,2018_II,FALSE,ETH,m_18_59,2
2018,2018_II,FALSE,GEO,k_18_59,13
2018,2018_II,FALSE,GEO,m_18_59,205
2018,2018_II,FALSE,GEO,m_60,1
2018,2018_II,FALSE,GHA,m_18_59,2
2018,2018_II,FALSE,GMB,m_18_59,1
2018,2018_II,FALSE,HKG,m_18_59,1
2018,2018_II,FALSE,HND,m_18_59,1
2018,2018_II,FALSE,IDN,k_18_59,2
2018,2018_II,FALSE,IDN,m_18_59,1
2018,2018_II,FALSE,IND,k_18_59,5
2018,2018_II,FALSE,IND,m_18_59,51
2018,2018_II,FALSE,IND,m_60,1
2018,2018_II,FALSE,IRN,m_18_59,7
2018,2018_II,FALSE,IRQ,m_18_59,7
2018,2018_II,FALSE,ISR,m_18_59,1
2018,2018_II,FALSE,JOR,m_18_59,2
2018,2018_II,FALSE,KAZ,k_17,4
2018,2018_II,FALSE,KAZ,k_18_59,8
2018,2018_II,FALSE,KAZ,k_60,1
2018,2018_II,FALSE,KAZ,m_17,6
2018,2018_II,FALSE,KAZ,m_18_59,9
2018,2018_II,FALSE,KEN,m_18_59,2
2018,2018_II,FALSE,KGZ,k_17,1
2018,2018_II,FALSE,KGZ,k_18_59,1
2018,2018_II,FALSE,KGZ,m_17,1
2018,2018_II,FALSE,KGZ,m_18_59,5
2018,2018_II,FALSE,KOSOVO,m_18_59,1
2018,2018_II,FALSE,LBY,k_17,3
2018,2018_II,FALSE,LBY,k_18_59,1
2018,2018_II,FALSE,LBY,m_17,3
2018,2018_II,FALSE,LBY,m_18_59,1
2018,2018_II,FALSE,LBY,m_60,2
2018,2018_II,FALSE,LKA,m_18_59,2
2018,2018_II,FALSE,MAR,m_18_59,6
2018,2018_II,FALSE,MDA,k_17,2
2018,2018_II,FALSE,MDA,k_18_59,10
2018,2018_II,FALSE,MDA,m_17,1
2018,2018_II,FALSE,MDA,m_18_59,73
2018,2018_II,FALSE,MNG,k_18_59,1
2018,2018_II,FALSE,MNG,m_18_59,2
2018,2018_II,FALSE,MOZ,m_18_59,1
2018,2018_II,FALSE,MYS,k_18_59,1
2018,2018_II,FALSE,MYS,m_18_59,1
2018,2018_II,FALSE,NGA,k_17,1
2018,2018_II,FALSE,NGA,k_18_59,2
2018,2018_II,FALSE,NGA,m_18_59,6
2018,2018_II,FALSE,NPL,k_18_59,2
2018,2018_II,FALSE,NPL,m_18_59,9
2018,2018_II,FALSE,PAK,k_18_59,2
2018,2018_II,FALSE,PAK,m_18_59,26
2018,2018_II,FALSE,PER,m_18_59,1
2018,2018_II,FALSE,PHL,k_18_59,2
2018,2018_II,FALSE,PHL,m_18_59,1
2018,2018_II,FALSE,PRK,k_18_59,1
2018,2018_II,FALSE,PRK,m_18_59,3
2018,2018_II,FALSE,PSE,m_18_59,2
2018,2018_II,FALSE,RUS,k_17,55
2018,2018_II,FALSE,RUS,k_18_59,51
2018,2018_II,FALSE,RUS,k_60,3
2018,2018_II,FALSE,RUS,m_17,36
2018,2018_II,FALSE,RUS,m_18_59,79
2018,2018_II,FALSE,RUS,m_60,1
2018,2018_II,FALSE,RWA,k_18_59,1
2018,2018_II,FALSE,RWA,m_18_59,1
2018,2018_II,FALSE,SAU,m_18_59,6
2018,2018_II,FALSE,SDN,m_18_59,2
2018,2018_II,FALSE,SLV,m_18_59,1
2018,2018_II,FALSE,SOM,m_18_59,1
2018,2018_II,FALSE,SRB,m_18_59,3
2018,2018_II,FALSE,SYR,k_18_59,1
2018,2018_II,FALSE,SYR,m_18_59,8
2018,2018_II,FALSE,THA,k_18_59,1
2018,2018_II,FALSE,THA,m_18_59,1
2018,2018_II,FALSE,TJK,k_17,4
2018,2018_II,FALSE,TJK,k_18_59,2
2018,2018_II,FALSE,TJK,m_17,4
2018,2018_II,FALSE,TJK,m_18_59,16
2018,2018_II,FALSE,TJK,m_60,1
2018,2018_II,FALSE,TUN,k_18_59,2
2018,2018_II,FALSE,TUN,m_18_59,5
2018,2018_II,FALSE,TUR,k_18_59,6
2018,2018_II,FALSE,TUR,m_17,1
2018,2018_II,FALSE,TUR,m_18_59,34
2018,2018_II,FALSE,TWN,m_18_59,1
2018,2018_II,FALSE,UKR,k_17,25
2018,2018_II,FALSE,UKR,k_18_59,478
2018,2018_II,FALSE,UKR,k_60,47
2018,2018_II,FALSE,UKR,m_17,20
2018,2018_II,FALSE,UKR,m_18_59,1218
2018,2018_II,FALSE,UKR,m_60,6
2018,2018_II,FALSE,UNK,k_17,1
2018,2018_II,FALSE,UNK,m_18_59,3
2018,2018_II,FALSE,URY,m_18_59,1
2018,2018_II,FALSE,USA,k_18_59,2
2018,2018_II,FALSE,USA,m_18_59,3
2018,2018_II,FALSE,UZB,k_18_59,3
2018,2018_II,FALSE,UZB,m_18_59,24
2018,2018_II,FALSE,VEN,m_17,2
2018,2018_II,FALSE,VEN,m_18_59,1
2018,2018_II,FALSE,VNM,k_17,1
2018,2018_II,FALSE,VNM,k_18_59,6
2018,2018_II,FALSE,VNM,m_17,3
2018,2018_II,FALSE,VNM,m_18_59,41
2018,2018_II,FALSE,VNM,m_60,1
2018,2018_II,FALSE,XXX,k_18_59,1
2018,2018_II,FALSE,XXX,m_18_59,4
2018,2018_II,FALSE,XXX,m_60,1
2018,2018_II,FALSE,ZAF,k_18_59,2
2018,2018_II,FALSE,ZAF,m_18_59,1
2018,2018_II,FALSE,ZWE,m_18_59,5
2018,2018_II,TRUE,AZE,m_18_59,1
2018,2018_II,TRUE,BGD,m_18_59,1
2018,2018_II,TRUE,BLR,m_18_59,2
2018,2018_II,TRUE,GEO,m_18_59,2
2018,2018_II,TRUE,IND,m_18_59,2
2018,2018_II,TRUE,IRQ,m_18_59,1
2018,2018_II,TRUE,MDA,m_18_59,1
2018,2018_II,TRUE,PAK,m_18_59,1
2018,2018_II,TRUE,RUS,k_17,2
2018,2018_II,TRUE,RUS,k_18_59,2
2018,2018_II,TRUE,RUS,m_18_59,1
2018,2018_II,TRUE,SAU,k_18_59,1
2018,2018_II,TRUE,UKR,k_18_59,1
2018,2018_II,TRUE,UKR,m_18_59,14
2019,2019_I,FALSE,AFG,m_17,2
2019,2019_I,FALSE,AFG,m_18_59,4
2019,2019_I,FALSE,AGO,m_18_59,1
2019,2019_I,FALSE,ALB,m_18_59,3
2019,2019_I,FALSE,ARE,m_18_59,1
2019,2019_I,FALSE,ARG,m_18_59,1
2019,2019_I,FALSE,ARM,k_17,2
2019,2019_I,FALSE,ARM,k_18_59,4
2019,2019_I,FALSE,ARM,m_17,2
2019,2019_I,FALSE,ARM,m_18_59,12
2019,2019_I,FALSE,AUS,m_18_59,3
2019,2019_I,FALSE,AZE,k_18_59,1
2019,2019_I,FALSE,AZE,m_18_59,10
2019,2019_I,FALSE,BEN,m_18_59,1
2019,2019_I,FALSE,BGD,m_18_59,13
2019,2019_I,FALSE,BHR,m_18_59,1
2019,2019_I,FALSE,BIH,m_18_59,1
2019,2019_I,FALSE,BLR,k_18_59,26
2019,2019_I,FALSE,BLR,k_60,9
2019,2019_I,FALSE,BLR,m_18_59,68
2019,2019_I,FALSE,BLR,m_60,2
2019,2019_I,FALSE,BRA,k_18_59,3
2019,2019_I,FALSE,BRA,m_18_59,10
2019,2019_I,FALSE,CAN,k_18_59,1
2019,2019_I,FALSE,CHL,k_18_59,1
2019,2019_I,FALSE,CHL,m_18_59,1
2019,2019_I,FALSE,CHN,k_18_59,11
2019,2019_I,FALSE,CHN,m_17,1
2019,2019_I,FALSE,CHN,m_18_59,19
2019,2019_I,FALSE,CIV,m_18_59,1
2019,2019_I,FALSE,CMR,m_18_59,2
2019,2019_I,FALSE,COD,m_17,1
2019,2019_I,FALSE,COD,m_18_59,1
2019,2019_I,FALSE,COG,k_18_59,1
2019,2019_I,FALSE,COG,m_18_59,2
2019,2019_I,FALSE,COL,m_18_59,4
2019,2019_I,FALSE,DZA,k_18_59,1
2019,2019_I,FALSE,DZA,m_18_59,12
2019,2019_I,FALSE,ECU,k_18_59,1
2019,2019_I,FALSE,EGY,k_18_59,1
2019,2019_I,FALSE,EGY,m_18_59,10
2019,2019_I,FALSE,ETH,k_18_59,2
2019,2019_I,FALSE,ETH,m_18_59,3
2019,2019_I,FALSE,GEO,k_18_59,23
2019,2019_I,FALSE,GEO,m_18_59,325
2019,2019_I,FALSE,GEO,m_60,1
2019,2019_I,FALSE,GIN,m_18_59,2
2019,2019_I,FALSE,GMB,m_18_59,1
2019,2019_I,FALSE,GNB,m_18_59,1
2019,2019_I,FALSE,IDN,m_18_59,1
2019,2019_I,FALSE,IND,k_18_59,6
2019,2019_I,FALSE,IND,m_18_59,85
2019,2019_I,FALSE,IRN,m_18_59,4
2019,2019_I,FALSE,IRN,m_60,1
2019,2019_I,FALSE,IRQ,k_18_59,1
2019,2019_I,FALSE,IRQ,m_18_59,6
2019,2019_I,FALSE,ISR,k_18_59,1
2019,2019_I,FALSE,ISR,m_18_59,3
2019,2019_I,FALSE,JOR,k_18_59,1
2019,2019_I,FALSE,JOR,m_18_59,5
2019,2019_I,FALSE,KAZ,k_17,1
2019,2019_I,FALSE,KAZ,k_18_59,2
2019,2019_I,FALSE,KAZ,k_60,1
2019,2019_I,FALSE,KAZ,m_17,1
2019,2019_I,FALSE,KAZ,m_18_59,11
2019,2019_I,FALSE,KEN,m_18_59,1
2019,2019_I,FALSE,KGZ,k_18_59,1
2019,2019_I,FALSE,KGZ,m_18_59,10
2019,2019_I,FALSE,KOR,m_18_59,2
2019,2019_I,FALSE,KOSOVO,m_18_59,1
2019,2019_I,FALSE,LBN,m_18_59,4
2019,2019_I,FALSE,LBY,m_18_59,3
2019,2019_I,FALSE,LKA,k_18_59,2
2019,2019_I,FALSE,LKA,m_18_59,3
2019,2019_I,FALSE,MAR,m_18_59,7
2019,2019_I,FALSE,MDA,k_17,3
2019,2019_I,FALSE,MDA,k_18_59,19
2019,2019_I,FALSE,MDA,m_17,2
2019,2019_I,FALSE,MDA,m_18_59,56
2019,2019_I,FALSE,MEX,m_18_59,2
2019,2019_I,FALSE,MKD,m_18_59,1
2019,2019_I,FALSE,MNG,k_17,1
2019,2019_I,FALSE,MNG,k_18_59,4
2019,2019_I,FALSE,MNG,m_18_59,2
2019,2019_I,FALSE,MOZ,m_18_59,1
2019,2019_I,FALSE,MYS,k_18_59,1
2019,2019_I,FALSE,MYS,m_18_59,1
2019,2019_I,FALSE,NER,k_18_59,1
2019,2019_I,FALSE,NGA,k_18_59,3
2019,2019_I,FALSE,NGA,m_18_59,9
2019,2019_I,FALSE,NPL,m_18_59,15
2019,2019_I,FALSE,PAK,k_18_59,2
2019,2019_I,FALSE,PAK,m_18_59,18
2019,2019_I,FALSE,PER,k_18_59,1
2019,2019_I,FALSE,PHL,k_18_59,1
2019,2019_I,FALSE,PHL,m_18_59,9
2019,2019_I,FALSE,PRK,m_18_59,18
2019,2019_I,FALSE,PRY,k_17,1
2019,2019_I,FALSE,RUS,k_17,60
2019,2019_I,FALSE,RUS,k_18_59,54
2019,2019_I,FALSE,RUS,k_60,3
2019,2019_I,FALSE,RUS,m_17,71
2019,2019_I,FALSE,RUS,m_18_59,88
2019,2019_I,FALSE,RUS,m_60,3
2019,2019_I,FALSE,RWA,m_18_59,5
2019,2019_I,FALSE,SAU,k_17,1
2019,2019_I,FALSE,SAU,m_18_59,10
2019,2019_I,FALSE,SDN,m_18_59,1
2019,2019_I,FALSE,SEN,m_18_59,1
2019,2019_I,FALSE,SOM,m_18_59,1
2019,2019_I,FALSE,SRB,m_18_59,3
2019,2019_I,FALSE,SYR,k_60,1
2019,2019_I,FALSE,SYR,m_18_59,4
2019,2019_I,FALSE,THA,k_18_59,5
2019,2019_I,FALSE,THA,m_18_59,1
2019,2019_I,FALSE,TJK,k_17,3
2019,2019_I,FALSE,TJK,k_18_59,1
2019,2019_I,FALSE,TJK,m_17,2
2019,2019_I,FALSE,TJK,m_18_59,13
2019,2019_I,FALSE,TKM,m_18_59,1
2019,2019_I,FALSE,TUN,k_18_59,1
2019,2019_I,FALSE,TUN,m_18_59,7
2019,2019_I,FALSE,TUR,k_18_59,2
2019,2019_I,FALSE,TUR,m_17,1
2019,2019_I,FALSE,TUR,m_18_59,28
2019,2019_I,FALSE,UKR,k_17,20
2019,2019_I,FALSE,UKR,k_18_59,486
2019,2019_I,FALSE,UKR,k_60,53
2019,2019_I,FALSE,UKR,m_17,35
2019,2019_I,FALSE,UKR,m_18_59,1362
2019,2019_I,FALSE,UKR,m_60,10
2019,2019_I,FALSE,USA,k_18_59,2
2019,2019_I,FALSE,USA,m_18_59,4
2019,2019_I,FALSE,UZB,k_17,1
2019,2019_I,FALSE,UZB,k_18_59,5
2019,2019_I,FALSE,UZB,m_18_59,28
2019,2019_I,FALSE,VCT,m_18_59,1
2019,2019_I,FALSE,VEN,k_18_59,2
2019,2019_I,FALSE,VEN,m_18_59,1
2019,2019_I,FALSE,VNM,k_17,3
2019,2019_I,FALSE,VNM,k_18_59,14
2019,2019_I,FALSE,VNM,m_17,3
2019,2019_I,FALSE,VNM,m_18_59,54
2019,2019_I,FALSE,VNM,m_60,1
2019,2019_I,FALSE,XXX,m_18_59,2
2019,2019_I,FALSE,YEM,k_18_59,1
2019,2019_I,FALSE,ZWE,m_18_59,4
2019,2019_I,TRUE,ARG,m_18_59,1
2019,2019_I,TRUE,BLR,m_18_59,1
2019,2019_I,TRUE,GEO,k_18_59,1
2019,2019_I,TRUE,GEO,m_18_59,5
2019,2019_I,TRUE,MDA,m_18_59,2
2019,2019_I,TRUE,RUS,k_18_59,1
2019,2019_I,TRUE,TJK,m_18_59,1
2019,2019_I,TRUE,UKR,k_18_59,1
2019,2019_I,TRUE,UKR,m_18_59,15
2019,2019_I,TRUE,VNM,m_18_59,1
2019,2019_II,FALSE,AFG,k_17,1
2019,2019_II,FALSE,AFG,m_18_59,5
2019,2019_II,FALSE,AGO,k_18_59,2
2019,2019_II,FALSE,AGO,m_18_59,2
2019,2019_II,FALSE,ALB,m_18_59,16
2019,2019_II,FALSE,ARM,k_17,2
2019,2019_II,FALSE,ARM,k_18_59,2
2019,2019_II,FALSE,ARM,k_60,2
2019,2019_II,FALSE,ARM,m_17,4
2019,2019_II,FALSE,ARM,m_18_59,7
2019,2019_II,FALSE,AUS,k_18_59,2
2019,2019_II,FALSE,AUS,m_18_59,1
2019,2019_II,FALSE,AZE,k_18_59,1
2019,2019_II,FALSE,AZE,m_18_59,20
2019,2019_II,FALSE,BGD,k_18_59,1
2019,2019_II,FALSE,BGD,m_18_59,10
2019,2019_II,FALSE,BLR,k_17,1
2019,2019_II,FALSE,BLR,k_18_59,15
2019,2019_II,FALSE,BLR,k_60,5
2019,2019_II,FALSE,BLR,m_18_59,66
2019,2019_II,FALSE,BLR,m_60,1
2019,2019_II,FALSE,BRA,k_18_59,3
2019,2019_II,FALSE,BRA,m_18_59,7
2019,2019_II,FALSE,CAN,m_18_59,1
2019,2019_II,FALSE,CHL,m_18_59,1
2019,2019_II,FALSE,CHN,k_17,1
2019,2019_II,FALSE,CHN,k_18_59,5
2019,2019_II,FALSE,CHN,m_17,1
2019,2019_II,FALSE,CHN,m_18_59,16
2019,2019_II,FALSE,CMR,k_17,1
2019,2019_II,FALSE,CMR,k_18_59,1
2019,2019_II,FALSE,CMR,m_18_59,2
2019,2019_II,FALSE,COD,m_18_59,2
2019,2019_II,FALSE,COG,m_17,1
2019,2019_II,FALSE,COG,m_18_59,3
2019,2019_II,FALSE,COL,m_18_59,4
2019,2019_II,FALSE,CUB,k_17,1
2019,2019_II,FALSE,CUB,k_18_59,1
2019,2019_II,FALSE,CUB,m_18_59,4
2019,2019_II,FALSE,DZA,k_18_59,1
2019,2019_II,FALSE,DZA,m_18_59,8
2019,2019_II,FALSE,EGY,m_18_59,8
2019,2019_II,FALSE,GEO,k_17,8
2019,2019_II,FALSE,GEO,k_18_59,47
2019,2019_II,FALSE,GEO,m_17,7
2019,2019_II,FALSE,GEO,m_18_59,405
2019,2019_II,FALSE,GEO,m_60,1
2019,2019_II,FALSE,GHA,m_18_59,2
2019,2019_II,FALSE,GMB,m_18_59,1
2019,2019_II,FALSE,GNQ,m_18_59,1
2019,2019_II,FALSE,IDN,k_18_59,5
2019,2019_II,FALSE,IND,k_17,1
2019,2019_II,FALSE,IND,k_18_59,5
2019,2019_II,FALSE,IND,m_17,1
2019,2019_II,FALSE,IND,m_18_59,77
2019,2019_II,FALSE,IRN,m_18_59,7
2019,2019_II,FALSE,IRQ,m_18_59,2
2019,2019_II,FALSE,ISR,m_18_59,1
2019,2019_II,FALSE,JOR,k_18_59,2
2019,2019_II,FALSE,JOR,m_18_59,5
2019,2019_II,FALSE,KAZ,k_18_59,7
2019,2019_II,FALSE,KAZ,m_18_59,13
2019,2019_II,FALSE,KEN,k_18_59,1
2019,2019_II,FALSE,KEN,m_18_59,1
2019,2019_II,FALSE,KGZ,k_17,2
2019,2019_II,FALSE,KGZ,k_18_59,2
2019,2019_II,FALSE,KGZ,m_17,3
2019,2019_II,FALSE,KGZ,m_18_59,8
2019,2019_II,FALSE,KOR,m_18_59,2
2019,2019_II,FALSE,LBN,m_18_59,1
2019,2019_II,FALSE,LBR,m_18_59,1
2019,2019_II,FALSE,LBY,k_18_59,1
2019,2019_II,FALSE,LBY,m_18_59,1
2019,2019_II,FALSE,LKA,m_18_59,2
2019,2019_II,FALSE,MAR,k_18_59,1
2019,2019_II,FALSE,MAR,m_18_59,1
2019,2019_II,FALSE,MDA,k_18_59,12
2019,2019_II,FALSE,MDA,m_17,1
2019,2019_II,FALSE,MDA,m_18_59,90
2019,2019_II,FALSE,MKD,m_18_59,3
2019,2019_II,FALSE,MNE,m_18_59,1
2019,2019_II,FALSE,MNG,k_17,1
2019,2019_II,FALSE,MNG,k_18_59,2
2019,2019_II,FALSE,MNG,k_60,1
2019,2019_II,FALSE,MNG,m_17,1
2019,2019_II,FALSE,MNG,m_18_59,6
2019,2019_II,FALSE,NGA,m_18_59,10
2019,2019_II,FALSE,NPL,k_18_59,3
2019,2019_II,FALSE,NPL,m_18_59,16
2019,2019_II,FALSE,NZL,m_18_59,1
2019,2019_II,FALSE,PAK,m_18_59,12
2019,2019_II,FALSE,PHL,k_18_59,2
2019,2019_II,FALSE,PHL,m_18_59,3
2019,2019_II,FALSE,PRY,k_18_59,1
2019,2019_II,FALSE,PRY,m_18_59,8
2019,2019_II,FALSE,RUS,k_17,25
2019,2019_II,FALSE,RUS,k_18_59,29
2019,2019_II,FALSE,RUS,k_60,2
2019,2019_II,FALSE,RUS,m_17,31
2019,2019_II,FALSE,RUS,m_18_59,71
2019,2019_II,FALSE,RUS,m_60,1
2019,2019_II,FALSE,SAU,k_18_59,1
2019,2019_II,FALSE,SAU,m_18_59,5
2019,2019_II,FALSE,SEN,k_18_59,1
2019,2019_II,FALSE,SEN,m_18_59,1
2019,2019_II,FALSE,SRB,m_18_59,5
2019,2019_II,FALSE,SWE,m_18_59,1
2019,2019_II,FALSE,SYR,k_18_59,1
2019,2019_II,FALSE,SYR,m_18_59,9
2019,2019_II,FALSE,THA,k_18_59,7
2019,2019_II,FALSE,THA,m_18_59,1
2019,2019_II,FALSE,TJK,k_17,3
2019,2019_II,FALSE,TJK,k_18_59,4
2019,2019_II,FALSE,TJK,m_17,3
2019,2019_II,FALSE,TJK,m_18_59,34
2019,2019_II,FALSE,TKM,k_18_59,1
2019,2019_II,FALSE,TKM,m_18_59,1
2019,2019_II,FALSE,TUN,m_18_59,11
2019,2019_II,FALSE,TUR,k_18_59,3
2019,2019_II,FALSE,TUR,m_18_59,24
2019,2019_II,FALSE,TWN,m_18_59,2
2019,2019_II,FALSE,UGA,m_18_59,2
2019,2019_II,FALSE,UKR,k_17,30
2019,2019_II,FALSE,UKR,k_18_59,501
2019,2019_II,FALSE,UKR,k_60,69
2019,2019_II,FALSE,UKR,m_17,25
2019,2019_II,FALSE,UKR,m_18_59,1516
2019,2019_II,FALSE,UKR,m_60,4
2019,2019_II,FALSE,UNK,k_17,1
2019,2019_II,FALSE,UNK,m_18_59,2
2019,2019_II,FALSE,USA,k_18_59,3
2019,2019_II,FALSE,USA,k_60,1
2019,2019_II,FALSE,USA,m_17,3
2019,2019_II,FALSE,USA,m_18_59,2
2019,2019_II,FALSE,UZB,k_18_59,2
2019,2019_II,FALSE,UZB,k_60,1
2019,2019_II,FALSE,UZB,m_18_59,29
2019,2019_II,FALSE,VEN,k_18_59,1
2019,2019_II,FALSE,VEN,m_18_59,1
2019,2019_II,FALSE,VNM,k_18_59,13
2019,2019_II,FALSE,VNM,k_60,2
2019,2019_II,FALSE,VNM,m_17,1
2019,2019_II,FALSE,VNM,m_18_59,57
2019,2019_II,FALSE,VNM,m_60,1
2019,2019_II,FALSE,XXX,m_18_59,3
2019,2019_II,FALSE,YEM,m_18_59,1
2019,2019_II,FALSE,ZAF,m_18_59,3
2019,2019_II,FALSE,ZWE,k_18_59,1
2019,2019_II,FALSE,ZWE,m_18_59,8
2019,2019_II,TRUE,AFG,m_18_59,1
2019,2019_II,TRUE,BLR,m_18_59,1
2019,2019_II,TRUE,GEO,m_18_59,4
2019,2019_II,TRUE,IRQ,m_18_59,1
2019,2019_II,TRUE,ISR,k_18_59,2
2019,2019_II,TRUE,ISR,m_18_59,2
2019,2019_II,TRUE,MDA,m_18_59,2
2019,2019_II,TRUE,RUS,k_17,1
2019,2019_II,TRUE,RUS,k_18_59,1
2019,2019_II,TRUE,RUS,m_18_59,6
2019,2019_II,TRUE,SOM,m_18_59,1
2019,2019_II,TRUE,TKM,m_18_59,1
2019,2019_II,TRUE,UKR,k_18_59,2
2019,2019_II,TRUE,UKR,k_60,1
2019,2019_II,TRUE,UKR,m_18_59,42
2019,2019_II,TRUE,VEN,k_18_59,2
2019,2019_II,TRUE,VNM,m_18_59,1
2020,2020_I,FALSE,ALB,m_18_59,1
2020,2020_I,FALSE,ARM,k_18_59,2
2020,2020_I,FALSE,ARM,k_60,2
2020,2020_I,FALSE,ARM,m_18_59,4
2020,2020_I,FALSE,ARM,m_60,1
2020,2020_I,FALSE,AZE,m_18_59,4
2020,2020_I,FALSE,BGD,k_18_59,1
2020,2020_I,FALSE,BGD,m_18_59,5
2020,2020_I,FALSE,BLR,k_17,1
2020,2020_I,FALSE,BLR,k_18_59,11
2020,2020_I,FALSE,BLR,k_60,3
2020,2020_I,FALSE,BLR,m_17,1
2020,2020_I,FALSE,BLR,m_18_59,56
2020,2020_I,FALSE,BLR,m_60,1
2020,2020_I,FALSE,BRA,m_18_59,3
2020,2020_I,FALSE,CAN,k_18_59,2
2020,2020_I,FALSE,CAN,m_17,1
2020,2020_I,FALSE,CAN,m_18_59,2
2020,2020_I,FALSE,CHL,k_18_59,1
2020,2020_I,FALSE,CHL,m_18_59,1
2020,2020_I,FALSE,CHN,k_18_59,4
2020,2020_I,FALSE,CHN,k_60,1
2020,2020_I,FALSE,CHN,m_18_59,15
2020,2020_I,FALSE,CMR,m_18_59,1
2020,2020_I,FALSE,COL,m_18_59,1
2020,2020_I,FALSE,CUB,k_18_59,1
2020,2020_I,FALSE,CUB,m_17,1
2020,2020_I,FALSE,DZA,m_18_59,9
2020,2020_I,FALSE,EGY,k_18_59,1
2020,2020_I,FALSE,EGY,m_18_59,9
2020,2020_I,FALSE,ERI,m_18_59,1
2020,2020_I,FALSE,GEO,k_17,4
2020,2020_I,FALSE,GEO,k_18_59,16
2020,2020_I,FALSE,GEO,k_60,1
2020,2020_I,FALSE,GEO,m_17,2
2020,2020_I,FALSE,GEO,m_18_59,208
2020,2020_I,FALSE,GHA,m_18_59,2
2020,2020_I,FALSE,GMB,m_18_59,2
2020,2020_I,FALSE,IDN,k_18_59,1
2020,2020_I,FALSE,IDN,m_18_59,2
2020,2020_I,FALSE,IND,k_18_59,2
2020,2020_I,FALSE,IND,m_18_59,25
2020,2020_I,FALSE,IRN,m_18_59,5
2020,2020_I,FALSE,IRQ,m_18_59,1
2020,2020_I,FALSE,ISR,m_18_59,1
2020,2020_I,FALSE,JOR,m_18_59,1
2020,2020_I,FALSE,KAZ,k_17,1
2020,2020_I,FALSE,KAZ,k_18_59,2
2020,2020_I,FALSE,KAZ,m_18_59,5
2020,2020_I,FALSE,KEN,k_18_59,1
2020,2020_I,FALSE,KEN,m_18_59,1
2020,2020_I,FALSE,KGZ,k_18_59,1
2020,2020_I,FALSE,KGZ,m_18_59,4
2020,2020_I,FALSE,KOR,m_18_59,2
2020,2020_I,FALSE,LBN,m_18_59,3
2020,2020_I,FALSE,LBR,m_18_59,1
2020,2020_I,FALSE,LBY,m_18_59,1
2020,2020_I,FALSE,MAR,m_18_59,5
2020,2020_I,FALSE,MDA,k_17,4
2020,2020_I,FALSE,MDA,k_18_59,8
2020,2020_I,FALSE,MDA,k_60,1
2020,2020_I,FALSE,MDA,m_18_59,52
2020,2020_I,FALSE,MEX,m_18_59,1
2020,2020_I,FALSE,MKD,m_18_59,1
2020,2020_I,FALSE,MNG,m_18_59,4
2020,2020_I,FALSE,NGA,k_18_59,2
2020,2020_I,FALSE,NGA,m_18_59,5
2020,2020_I,FALSE,NPL,k_17,1
2020,2020_I,FALSE,NPL,k_18_59,2
2020,2020_I,FALSE,NPL,m_18_59,7
2020,2020_I,FALSE,PAK,k_17,1
2020,2020_I,FALSE,PAK,k_18_59,1
2020,2020_I,FALSE,PAK,m_17,1
2020,2020_I,FALSE,PAK,m_18_59,12
2020,2020_I,FALSE,PHL,k_18_59,3
2020,2020_I,FALSE,PHL,m_18_59,1
2020,2020_I,FALSE,PRY,m_18_59,1
2020,2020_I,FALSE,RUS,k_17,24
2020,2020_I,FALSE,RUS,k_18_59,22
2020,2020_I,FALSE,RUS,k_60,2
2020,2020_I,FALSE,RUS,m_17,20
2020,2020_I,FALSE,RUS,m_18_59,46
2020,2020_I,FALSE,RUS,m_60,1
2020,2020_I,FALSE,RWA,m_18_59,3
2020,2020_I,FALSE,SLE,m_18_59,1
2020,2020_I,FALSE,SOM,m_18_59,1
2020,2020_I,FALSE,SRB,m_18_59,4
2020,2020_I,FALSE,SYR,m_18_59,1
2020,2020_I,FALSE,THA,m_18_59,1
2020,2020_I,FALSE,TJK,k_18_59,2
2020,2020_I,FALSE,TJK,m_17,1
2020,2020_I,FALSE,TJK,m_18_59,16
2020,2020_I,FALSE,TKM,k_18_59,1
2020,2020_I,FALSE,TUN,m_18_59,5
2020,2020_I,FALSE,TUR,k_18_59,3
2020,2020_I,FALSE,TUR,m_18_59,13
2020,2020_I,FALSE,TUR,m_60,1
2020,2020_I,FALSE,TWN,k_18_59,1
2020,2020_I,FALSE,TWN,m_18_59,1
2020,2020_I,FALSE,TZA,m_18_59,1
2020,2020_I,FALSE,UKR,k_17,16
2020,2020_I,FALSE,UKR,k_18_59,264
2020,2020_I,FALSE,UKR,k_60,34
2020,2020_I,FALSE,UKR,m_17,23
2020,2020_I,FALSE,UKR,m_18_59,839
2020,2020_I,FALSE,UKR,m_60,4
2020,2020_I,FALSE,UNK,k_17,1
2020,2020_I,FALSE,UNK,k_60,1
2020,2020_I,FALSE,UNK,m_18_59,1
2020,2020_I,FALSE,USA,k_18_59,1
2020,2020_I,FALSE,USA,m_18_59,3
2020,2020_I,FALSE,UZB,k_18_59,2
2020,2020_I,FALSE,UZB,m_18_59,21
2020,2020_I,FALSE,UZB,m_60,1
2020,2020_I,FALSE,VEN,k_18_59,1
2020,2020_I,FALSE,VEN,m_18_59,1
2020,2020_I,FALSE,VNM,k_17,1
2020,2020_I,FALSE,VNM,k_18_59,6
2020,2020_I,FALSE,VNM,k_60,2
2020,2020_I,FALSE,VNM,m_17,1
2020,2020_I,FALSE,VNM,m_18_59,20
2020,2020_I,FALSE,XXX,m_18_59,1
2020,2020_I,FALSE,ZAF,m_18_59,2
2020,2020_I,FALSE,ZWE,k_18_59,5
2020,2020_I,FALSE,ZWE,m_18_59,7
2020,2020_I,TRUE,GEO,m_18_59,2
2020,2020_I,TRUE,MDA,m_18_59,2
2020,2020_I,TRUE,RWA,m_18_59,1
2020,2020_I,TRUE,UKR,k_18_59,1
2020,2020_I,TRUE,UKR,m_18_59,2
2020,2020_I,TRUE,ZWE,m_18_59,1
2020,2020_II,FALSE,AFG,m_18_59,4
2020,2020_II,FALSE,AGO,m_18_59,1
2020,2020_II,FALSE,ALB,m_18_59,2
2020,2020_II,FALSE,ARM,k_18_59,2
2020,2020_II,FALSE,ARM,m_17,2
2020,2020_II,FALSE,ARM,m_18_59,8
2020,2020_II,FALSE,ARM,m_60,1
2020,2020_II,FALSE,AZE,k_17,1
2020,2020_II,FALSE,AZE,k_18_59,1
2020,2020_II,FALSE,AZE,m_17,1
2020,2020_II,FALSE,AZE,m_18_59,10
2020,2020_II,FALSE,BFA,m_18_59,4
2020,2020_II,FALSE,BGD,k_18_59,1
2020,2020_II,FALSE,BGD,m_18_59,3
2020,2020_II,FALSE,BLR,k_18_59,4
2020,2020_II,FALSE,BLR,m_18_59,41
2020,2020_II,FALSE,BRA,m_18_59,5
2020,2020_II,FALSE,CHN,k_18_59,1
2020,2020_II,FALSE,CHN,k_60,1
2020,2020_II,FALSE,CHN,m_17,1
2020,2020_II,FALSE,CHN,m_18_59,11
2020,2020_II,FALSE,CMR,k_18_59,1
2020,2020_II,FALSE,CMR,m_18_59,1
2020,2020_II,FALSE,COD,k_18_59,1
2020,2020_II,FALSE,COD,m_18_59,1
2020,2020_II,FALSE,COL,m_18_59,2
2020,2020_II,FALSE,CUB,k_18_59,1
2020,2020_II,FALSE,DZA,m_18_59,11
2020,2020_II,FALSE,EGY,m_18_59,6
2020,2020_II,FALSE,ERI,m_18_59,1
2020,2020_II,FALSE,ETH,m_18_59,1
2020,2020_II,FALSE,GEO,k_17,1
2020,2020_II,FALSE,GEO,k_18_59,8
2020,2020_II,FALSE,GEO,m_18_59,157
2020,2020_II,FALSE,GHA,m_18_59,1
2020,2020_II,FALSE,GMB,m_18_59,1
2020,2020_II,FALSE,GNB,m_18_59,1
2020,2020_II,FALSE,IND,k_17,1
2020,2020_II,FALSE,IND,k_18_59,1
2020,2020_II,FALSE,IND,m_18_59,39
2020,2020_II,FALSE,IRN,m_18_59,4
2020,2020_II,FALSE,IRQ,m_18_59,3
2020,2020_II,FALSE,KAZ,m_18_59,2
2020,2020_II,FALSE,KEN,k_18_59,2
2020,2020_II,FALSE,KEN,m_17,1
2020,2020_II,FALSE,KGZ,k_18_59,1
2020,2020_II,FALSE,KGZ,m_17,1
2020,2020_II,FALSE,KGZ,m_18_59,1
2020,2020_II,FALSE,KOR,k_60,1
2020,2020_II,FALSE,KOR,m_18_59,3
2020,2020_II,FALSE,KOSOVO,m_18_59,1
2020,2020_II,FALSE,LBN,m_18_59,1
2020,2020_II,FALSE,LBY,m_18_59,1
2020,2020_II,FALSE,LKA,m_18_59,4
2020,2020_II,FALSE,MAR,k_18_59,1
2020,2020_II,FALSE,MAR,m_17,1
2020,2020_II,FALSE,MAR,m_18_59,4
2020,2020_II,FALSE,MDA,k_18_59,16
2020,2020_II,FALSE,MDA,m_18_59,51
2020,2020_II,FALSE,MEX,m_18_59,2
2020,2020_II,FALSE,MNG,m_18_59,1
2020,2020_II,FALSE,MYS,m_18_59,1
2020,2020_II,FALSE,NGA,m_18_59,11
2020,2020_II,FALSE,NPL,k_18_59,2
2020,2020_II,FALSE,NPL,m_18_59,5
2020,2020_II,FALSE,PAK,m_18_59,9
2020,2020_II,FALSE,PHL,k_18_59,2
2020,2020_II,FALSE,PHL,m_18_59,2
2020,2020_II,FALSE,PSE,m_18_59,2
2020,2020_II,FALSE,RUS,k_17,13
2020,2020_II,FALSE,RUS,k_18_59,16
2020,2020_II,FALSE,RUS,m_17,9
2020,2020_II,FALSE,RUS,m_18_59,37
2020,2020_II,FALSE,SAU,m_18_59,1
2020,2020_II,FALSE,SEN,m_18_59,1
2020,2020_II,FALSE,SLE,m_18_59,1
2020,2020_II,FALSE,SOM,m_18_59,2
2020,2020_II,FALSE,SYR,m_18_59,9
2020,2020_II,FALSE,TJK,k_17,1
2020,2020_II,FALSE,TJK,k_18_59,2
2020,2020_II,FALSE,TJK,m_17,3
2020,2020_II,FALSE,TJK,m_18_59,10
2020,2020_II,FALSE,TUN,k_18_59,1
2020,2020_II,FALSE,TUN,m_18_59,5
2020,2020_II,FALSE,TUR,m_18_59,9
2020,2020_II,FALSE,UGA,m_18_59,1
2020,2020_II,FALSE,UKR,k_17,23
2020,2020_II,FALSE,UKR,k_18_59,204
2020,2020_II,FALSE,UKR,k_60,3
2020,2020_II,FALSE,UKR,m_17,15
2020,2020_II,FALSE,UKR,m_18_59,696
2020,2020_II,FALSE,UKR,m_60,3
2020,2020_II,FALSE,UNK,k_17,1
2020,2020_II,FALSE,USA,k_18_59,2
2020,2020_II,FALSE,USA,m_18_59,1
2020,2020_II,FALSE,UZB,m_18_59,27
2020,2020_II,FALSE,VNM,k_17,2
2020,2020_II,FALSE,VNM,k_18_59,6
2020,2020_II,FALSE,VNM,m_18_59,17
2020,2020_II,FALSE,XXX,m_18_59,1
2020,2020_II,FALSE,YEM,m_18_59,1
2020,2020_II,FALSE,ZWE,k_18_59,1
2020,2020_II,FALSE,ZWE,m_18_59,2
2020,2020_II,TRUE,AFG,m_18_59,1
2020,2020_II,TRUE,BLR,m_18_59,1
2020,2020_II,TRUE,CIV,m_18_59,1
2020,2020_II,TRUE,UKR,m_18_59,1
2021,2021_I,FALSE,AFG,m_18_59,12
2021,2021_I,FALSE,AGO,k_18_59,1
2021,2021_I,FALSE,ARM,k_17,1
2021,2021_I,FALSE,ARM,k_18_59,1
2021,2021_I,FALSE,ARM,k_60,3
2021,2021_I,FALSE,ARM,m_18_59,6
2021,2021_I,FALSE,AZE,m_18_59,1
2021,2021_I,FALSE,BGD,k_18_59,1
2021,2021_I,FALSE,BGD,m_18_59,10
2021,2021_I,FALSE,BLR,k_17,1
2021,2021_I,FALSE,BLR,k_18_59,7
2021,2021_I,FALSE,BLR,k_60,1
2021,2021_I,FALSE,BLR,m_18_59,38
2021,2021_I,FALSE,BRA,k_18_59,1
2021,2021_I,FALSE,CAN,m_17,1
2021,2021_I,FALSE,CHN,k_18_59,3
2021,2021_I,FALSE,CHN,m_18_59,5
2021,2021_I,FALSE,CIV,k_17,1
2021,2021_I,FALSE,CMR,m_18_59,1
2021,2021_I,FALSE,COD,k_18_59,1
2021,2021_I,FALSE,COL,k_18_59,1
2021,2021_I,FALSE,COL,m_18_59,2
2021,2021_I,FALSE,CUB,k_18_59,1
2021,2021_I,FALSE,CUB,m_18_59,1
2021,2021_I,FALSE,DOM,k_18_59,1
2021,2021_I,FALSE,DZA,m_18_59,5
2021,2021_I,FALSE,EGY,m_18_59,3
2021,2021_I,FALSE,ETH,k_18_59,1
2021,2021_I,FALSE,ETH,m_18_59,1
2021,2021_I,FALSE,GEO,k_18_59,7
2021,2021_I,FALSE,GEO,m_17,1
2021,2021_I,FALSE,GEO,m_18_59,152
2021,2021_I,FALSE,IND,k_18_59,4
2021,2021_I,FALSE,IND,m_18_59,25
2021,2021_I,FALSE,IRN,m_18_59,3
2021,2021_I,FALSE,IRQ,m_18_59,1
2021,2021_I,FALSE,JOR,m_18_59,1
2021,2021_I,FALSE,KAZ,k_17,1
2021,2021_I,FALSE,KAZ,m_18_59,1
2021,2021_I,FALSE,KGZ,m_17,1
2021,2021_I,FALSE,KGZ,m_18_59,2
2021,2021_I,FALSE,KOR,k_18_59,1
2021,2021_I,FALSE,LBN,m_18_59,1
2021,2021_I,FALSE,LBY,m_18_59,1
2021,2021_I,FALSE,MAR,m_18_59,3
2021,2021_I,FALSE,MDA,k_18_59,8
2021,2021_I,FALSE,MDA,m_17,2
2021,2021_I,FALSE,MDA,m_18_59,30
2021,2021_I,FALSE,MDA,m_60,1
2021,2021_I,FALSE,MLI,m_17,1
2021,2021_I,FALSE,MNG,k_18_59,3
2021,2021_I,FALSE,MNG,m_18_59,2
2021,2021_I,FALSE,NGA,m_18_59,6
2021,2021_I,FALSE,NZL,m_18_59,1
2021,2021_I,FALSE,PAK,k_18_59,2
2021,2021_I,FALSE,PAK,m_18_59,8
2021,2021_I,FALSE,PHL,m_18_59,1
2021,2021_I,FALSE,PSE,m_18_59,1
2021,2021_I,FALSE,RUS,k_17,16
2021,2021_I,FALSE,RUS,k_18_59,17
2021,2021_I,FALSE,RUS,m_17,13
2021,2021_I,FALSE,RUS,m_18_59,28
2021,2021_I,FALSE,RUS,m_60,2
2021,2021_I,FALSE,SAU,m_18_59,1
2021,2021_I,FALSE,SDN,m_18_59,1
2021,2021_I,FALSE,SEN,m_18_59,1
2021,2021_I,FALSE,SOM,m_18_59,1
2021,2021_I,FALSE,SRB,m_18_59,2
2021,2021_I,FALSE,SRB,m_60,1
2021,2021_I,FALSE,SVK,m_18_59,1
2021,2021_I,FALSE,SYR,k_18_59,1
2021,2021_I,FALSE,SYR,m_18_59,5
2021,2021_I,FALSE,TJK,m_18_59,2
2021,2021_I,FALSE,TUN,m_18_59,4
2021,2021_I,FALSE,TUR,m_18_59,8
2021,2021_I,FALSE,UKR,k_17,6
2021,2021_I,FALSE,UKR,k_18_59,183
2021,2021_I,FALSE,UKR,k_60,13
2021,2021_I,FALSE,UKR,m_17,7
2021,2021_I,FALSE,UKR,m_18_59,649
2021,2021_I,FALSE,UKR,m_60,3
2021,2021_I,FALSE,UNK,m_18_59,2
2021,2021_I,FALSE,USA,m_18_59,2
2021,2021_I,FALSE,UZB,m_18_59,17
2021,2021_I,FALSE,VEN,k_17,1
2021,2021_I,FALSE,VEN,k_18_59,1
2021,2021_I,FALSE,VNM,k_17,1
2021,2021_I,FALSE,VNM,k_18_59,11
2021,2021_I,FALSE,VNM,m_17,2
2021,2021_I,FALSE,VNM,m_18_59,71
2021,2021_I,FALSE,XXX,k_17,1
2021,2021_I,FALSE,XXX,m_18_59,3
2021,2021_I,FALSE,ZWE,k_18_59,1
2021,2021_I,FALSE,ZWE,m_18_59,4
2021,2021_I,TRUE,AFG,m_18_59,2
2021,2021_I,TRUE,PSE,m_18_59,2
2021,2021_I,TRUE,UKR,m_18_59,1
2021,2021_I,TRUE,VNM,m_18_59,1
2021,2021_II,FALSE,AFG,k_18_59,1
2021,2021_II,FALSE,AFG,m_17,2
2021,2021_II,FALSE,AFG,m_18_59,17
2021,2021_II,FALSE,ALB,m_18_59,3
2021,2021_II,FALSE,ARM,k_17,1
2021,2021_II,FALSE,ARM,m_18_59,9
2021,2021_II,FALSE,AUT,k_17,1
2021,2021_II,FALSE,AZE,m_18_59,13
2021,2021_II,FALSE,BGD,m_18_59,10
2021,2021_II,FALSE,BGR,m_18_59,3
2021,2021_II,FALSE,BIH,m_18_59,1
2021,2021_II,FALSE,BLR,k_18_59,4
2021,2021_II,FALSE,BLR,m_18_59,38
2021,2021_II,FALSE,BLR,m_60,1
2021,2021_II,FALSE,BRA,m_18_59,1
2021,2021_II,FALSE,CAN,m_18_59,1
2021,2021_II,FALSE,CHE,m_18_59,1
2021,2021_II,FALSE,CHN,k_18_59,1
2021,2021_II,FALSE,CHN,m_18_59,5
2021,2021_II,FALSE,CMR,m_18_59,2
2021,2021_II,FALSE,COD,m_60,1
2021,2021_II,FALSE,CUB,m_18_59,1
2021,2021_II,FALSE,DOM,m_18_59,1
2021,2021_II,FALSE,DZA,m_17,1
2021,2021_II,FALSE,DZA,m_18_59,15
2021,2021_II,FALSE,EGY,m_18_59,13
2021,2021_II,FALSE,ERI,m_18_59,1
2021,2021_II,FALSE,ETH,m_18_59,1
2021,2021_II,FALSE,GBR,m_18_59,4
2021,2021_II,FALSE,GEO,k_18_59,11
2021,2021_II,FALSE,GEO,m_18_59,190
2021,2021_II,FALSE,GNB,m_18_59,1
2021,2021_II,FALSE,IDN,m_18_59,1
2021,2021_II,FALSE,IND,k_18_59,1
2021,2021_II,FALSE,IND,m_18_59,34
2021,2021_II,FALSE,IRN,k_18_59,1
2021,2021_II,FALSE,IRN,m_18_59,8
2021,2021_II,FALSE,IRQ,k_17,3
2021,2021_II,FALSE,IRQ,k_18_59,7
2021,2021_II,FALSE,IRQ,m_17,6
2021,2021_II,FALSE,IRQ,m_18_59,111
2021,2021_II,FALSE,KAZ,k_18_59,1
2021,2021_II,FALSE,KAZ,m_18_59,1
2021,2021_II,FALSE,KGZ,m_18_59,2
2021,2021_II,FALSE,KOR,m_18_59,2
2021,2021_II,FALSE,LBN,m_18_59,4
2021,2021_II,FALSE,LBY,k_18_59,1
2021,2021_II,FALSE,LKA,k_18_59,1
2021,2021_II,FALSE,LKA,m_17,1
2021,2021_II,FALSE,LKA,m_18_59,4
2021,2021_II,FALSE,MAR,k_60,1
2021,2021_II,FALSE,MAR,m_18_59,11
2021,2021_II,FALSE,MDA,k_17,1
2021,2021_II,FALSE,MDA,k_18_59,10
2021,2021_II,FALSE,MDA,m_18_59,45
2021,2021_II,FALSE,MLI,m_18_59,1
2021,2021_II,FALSE,MNG,k_18_59,1
2021,2021_II,FALSE,MNG,m_18_59,3
2021,2021_II,FALSE,NGA,k_18_59,1
2021,2021_II,FALSE,NGA,m_18_59,6
2021,2021_II,FALSE,NPL,k_17,1
2021,2021_II,FALSE,NPL,m_18_59,3
2021,2021_II,FALSE,PAK,k_18_59,1
2021,2021_II,FALSE,PAK,m_18_59,8
2021,2021_II,FALSE,PSE,k_18_59,1
2021,2021_II,FALSE,PSE,m_17,1
2021,2021_II,FALSE,PSE,m_18_59,5
2021,2021_II,FALSE,ROU,k_18_59,1
2021,2021_II,FALSE,ROU,m_18_59,1
2021,2021_II,FALSE,RUS,k_17,6
2021,2021_II,FALSE,RUS,k_18_59,11
2021,2021_II,FALSE,RUS,k_60,2
2021,2021_II,FALSE,RUS,m_17,5
2021,2021_II,FALSE,RUS,m_18_59,27
2021,2021_II,FALSE,RUS,m_60,1
2021,2021_II,FALSE,RWA,m_18_59,1
2021,2021_II,FALSE,SAU,m_18_59,1
2021,2021_II,FALSE,SEN,k_17,1
2021,2021_II,FALSE,SEN,k_18_59,1
2021,2021_II,FALSE,SOM,m_18_59,2
2021,2021_II,FALSE,SRB,m_18_59,2
2021,2021_II,FALSE,SYR,k_17,1
2021,2021_II,FALSE,SYR,k_18_59,1
2021,2021_II,FALSE,SYR,m_17,2
2021,2021_II,FALSE,SYR,m_18_59,109
2021,2021_II,FALSE,TJK,k_17,1
2021,2021_II,FALSE,TJK,k_18_59,1
2021,2021_II,FALSE,TJK,m_18_59,18
2021,2021_II,FALSE,TKM,m_18_59,2
2021,2021_II,FALSE,TUN,m_18_59,5
2021,2021_II,FALSE,TUR,k_18_59,2
2021,2021_II,FALSE,TUR,m_18_59,32
2021,2021_II,FALSE,UKR,k_17,2
2021,2021_II,FALSE,UKR,k_18_59,130
2021,2021_II,FALSE,UKR,k_60,13
2021,2021_II,FALSE,UKR,m_17,1
2021,2021_II,FALSE,UKR,m_18_59,631
2021,2021_II,FALSE,UKR,m_60,2
2021,2021_II,FALSE,UNK,k_17,1
2021,2021_II,FALSE,UNK,m_18_59,3
2021,2021_II,FALSE,USA,m_18_59,1
2021,2021_II,FALSE,UZB,m_18_59,33
2021,2021_II,FALSE,VEN,m_18_59,1
2021,2021_II,FALSE,VNM,k_17,2
2021,2021_II,FALSE,VNM,k_18_59,3
2021,2021_II,FALSE,VNM,m_18_59,32
2021,2021_II,FALSE,XXX,m_18_59,6
2021,2021_II,FALSE,YEM,m_18_59,3
2021,2021_II,FALSE,ZWE,k_18_59,2
2021,2021_II,FALSE,ZWE,m_18_59,3
2021,2021_II,TRUE,IRQ,m_18_59,1
2021,2021_II,TRUE,SYR,m_18_59,1
2021,2021_II,TRUE,UKR,m_18_59,4
2022,2022_I,FALSE,AFG,k_17,1
2022,2022_I,FALSE,AFG,k_18_59,1
2022,2022_I,FALSE,AFG,m_17,4
2022,2022_I,FALSE,AFG,m_18_59,15
2022,2022_I,FALSE,ALB,m_18_59,1
2022,2022_I,FALSE,ARM,k_18_59,4
2022,2022_I,FALSE,ARM,k_60,2
2022,2022_I,FALSE,ARM,m_17,2
2022,2022_I,FALSE,ARM,m_18_59,15
2022,2022_I,FALSE,AZE,k_18_59,1
2022,2022_I,FALSE,AZE,m_18_59,18
2022,2022_I,FALSE,AZE,m_60,1
2022,2022_I,FALSE,BGD,m_17,1
2022,2022_I,FALSE,BGD,m_18_59,4
2022,2022_I,FALSE,BGR,m_18_59,1
2022,2022_I,FALSE,BLR,k_17,2
2022,2022_I,FALSE,BLR,k_18_59,9
2022,2022_I,FALSE,BLR,m_17,1
2022,2022_I,FALSE,BLR,m_18_59,68
2022,2022_I,FALSE,BRA,m_18_59,1
2022,2022_I,FALSE,CAN,m_18_59,1
2022,2022_I,FALSE,CHN,k_18_59,3
2022,2022_I,FALSE,CHN,m_17,2
2022,2022_I,FALSE,CHN,m_18_59,9
2022,2022_I,FALSE,CMR,m_18_59,4
2022,2022_I,FALSE,COD,k_18_59,1
2022,2022_I,FALSE,COD,m_18_59,2
2022,2022_I,FALSE,COG,m_18_59,1
2022,2022_I,FALSE,COL,k_18_59,1
2022,2022_I,FALSE,COL,m_18_59,2
2022,2022_I,FALSE,COM,k_18_59,1
2022,2022_I,FALSE,CUB,k_18_59,1
2022,2022_I,FALSE,CUB,m_18_59,1
2022,2022_I,FALSE,DZA,m_18_59,6
2022,2022_I,FALSE,EGY,m_18_59,5
2022,2022_I,FALSE,ETH,m_18_59,6
2022,2022_I,FALSE,GBR,k_18_59,1
2022,2022_I,FALSE,GBR,m_18_59,1
2022,2022_I,FALSE,GEO,k_17,1
2022,2022_I,FALSE,GEO,k_18_59,8
2022,2022_I,FALSE,GEO,k_60,1
2022,2022_I,FALSE,GEO,m_18_59,246
2022,2022_I,FALSE,GHA,m_18_59,1
2022,2022_I,FALSE,GIN,m_18_59,8
2022,2022_I,FALSE,GMB,m_18_59,4
2022,2022_I,FALSE,GTM,m_18_59,1
2022,2022_I,FALSE,IDN,m_18_59,1
2022,2022_I,FALSE,IND,k_17,1
2022,2022_I,FALSE,IND,k_18_59,2
2022,2022_I,FALSE,IND,m_17,1
2022,2022_I,FALSE,IND,m_18_59,28
2022,2022_I,FALSE,IRN,m_18_59,2
2022,2022_I,FALSE,IRQ,m_18_59,8
2022,2022_I,FALSE,JOR,m_18_59,1
2022,2022_I,FALSE,JPN,m_18_59,1
2022,2022_I,FALSE,KAZ,m_18_59,5
2022,2022_I,FALSE,KEN,k_18_59,1
2022,2022_I,FALSE,KGZ,k_17,2
2022,2022_I,FALSE,KGZ,k_18_59,1
2022,2022_I,FALSE,KGZ,m_17,1
2022,2022_I,FALSE,KGZ,m_18_59,6
2022,2022_I,FALSE,KOR,m_18_59,2
2022,2022_I,FALSE,LBY,m_18_59,1
2022,2022_I,FALSE,LKA,m_18_59,3
2022,2022_I,FALSE,MAR,m_18_59,8
2022,2022_I,FALSE,MDA,k_18_59,5
2022,2022_I,FALSE,MDA,k_60,1
2022,2022_I,FALSE,MDA,m_17,1
2022,2022_I,FALSE,MDA,m_18_59,52
2022,2022_I,FALSE,MEX,m_18_59,1
2022,2022_I,FALSE,MKD,m_18_59,1
2022,2022_I,FALSE,MLI,m_18_59,2
2022,2022_I,FALSE,MNG,m_18_59,1
2022,2022_I,FALSE,MUS,k_18_59,8
2022,2022_I,FALSE,MUS,m_18_59,4
2022,2022_I,FALSE,MYS,m_18_59,1
2022,2022_I,FALSE,NGA,k_17,2
2022,2022_I,FALSE,NGA,k_18_59,1
2022,2022_I,FALSE,NGA,m_18_59,6
2022,2022_I,FALSE,NPL,m_18_59,4
2022,2022_I,FALSE,PAK,k_18_59,2
2022,2022_I,FALSE,PAK,m_17,1
2022,2022_I,FALSE,PAK,m_18_59,13
2022,2022_I,FALSE,PHL,k_18_59,1
2022,2022_I,FALSE,RUS,k_17,6
2022,2022_I,FALSE,RUS,k_18_59,17
2022,2022_I,FALSE,RUS,k_60,4
2022,2022_I,FALSE,RUS,m_17,3
2022,2022_I,FALSE,RUS,m_18_59,49
2022,2022_I,FALSE,RWA,k_18_59,1
2022,2022_I,FALSE,RWA,m_18_59,4
2022,2022_I,FALSE,SAU,m_18_59,1
2022,2022_I,FALSE,SDN,m_18_59,1
2022,2022_I,FALSE,SRB,m_18_59,1
2022,2022_I,FALSE,SYR,m_18_59,29
2022,2022_I,FALSE,TJK,k_17,1
2022,2022_I,FALSE,TJK,k_18_59,4
2022,2022_I,FALSE,TJK,m_17,4
2022,2022_I,FALSE,TJK,m_18_59,24
2022,2022_I,FALSE,TKM,m_18_59,24
2022,2022_I,FALSE,TUN,m_18_59,6
2022,2022_I,FALSE,TUR,m_18_59,22
2022,2022_I,FALSE,TZA,m_18_59,1
2022,2022_I,FALSE,UGA,m_18_59,2
2022,2022_I,FALSE,UKR,k_17,3
2022,2022_I,FALSE,UKR,k_18_59,49
2022,2022_I,FALSE,UKR,k_60,8
2022,2022_I,FALSE,UKR,m_17,3
2022,2022_I,FALSE,UKR,m_18_59,379
2022,2022_I,FALSE,UKR,m_60,2
2022,2022_I,FALSE,UNK,k_18_59,1
2022,2022_I,FALSE,UNK,m_18_59,2
2022,2022_I,FALSE,USA,m_60,1
2022,2022_I,FALSE,UZB,k_18_59,4
2022,2022_I,FALSE,UZB,m_18_59,49
2022,2022_I,FALSE,VEN,m_18_59,1
2022,2022_I,FALSE,VNM,k_17,6
2022,2022_I,FALSE,VNM,k_18_59,9
2022,2022_I,FALSE,VNM,k_60,1
2022,2022_I,FALSE,VNM,m_17,2
2022,2022_I,FALSE,VNM,m_18_59,57
2022,2022_I,FALSE,XXX,m_18_59,4
2022,2022_I,FALSE,YEM,m_18_59,2
2022,2022_I,FALSE,ZWE,m_18_59,2
2022,2022_I,TRUE,GEO,m_18_59,3
2022,2022_I,TRUE,MDA,m_18_59,2
2022,2022_I,TRUE,TKM,m_18_59,1
2022,2022_II,FALSE,AFG,m_17,1
2022,2022_II,FALSE,AFG,m_18_59,12
2022,2022_II,FALSE,AGO,k_18_59,2
2022,2022_II,FALSE,ALB,k_18_59,1
2022,2022_II,FALSE,ALB,m_18_59,5
2022,2022_II,FALSE,ARM,k_18_59,3
2022,2022_II,FALSE,ARM,m_17,3
2022,2022_II,FALSE,ARM,m_18_59,4
2022,2022_II,FALSE,AUS,m_18_59,1
2022,2022_II,FALSE,AZE,k_17,1
2022,2022_II,FALSE,AZE,m_17,1
2022,2022_II,FALSE,AZE,m_18_59,17
2022,2022_II,FALSE,BGD,m_18_59,6
2022,2022_II,FALSE,BLR,k_17,2
2022,2022_II,FALSE,BLR,k_18_59,16
2022,2022_II,FALSE,BLR,k_60,1
2022,2022_II,FALSE,BLR,m_17,3
2022,2022_II,FALSE,BLR,m_18_59,104
2022,2022_II,FALSE,BRA,m_18_59,2
2022,2022_II,FALSE,CHN,k_18_59,1
2022,2022_II,FALSE,CHN,m_18_59,3
2022,2022_II,FALSE,CMR,k_17,1
2022,2022_II,FALSE,CMR,m_18_59,3
2022,2022_II,FALSE,COD,m_18_59,5
2022,2022_II,FALSE,COL,k_18_59,1
2022,2022_II,FALSE,COL,m_18_59,7
2022,2022_II,FALSE,CUB,m_18_59,1
2022,2022_II,FALSE,DZA,m_18_59,2
2022,2022_II,FALSE,EGY,m_18_59,9
2022,2022_II,FALSE,ETH,k_18_59,4
2022,2022_II,FALSE,ETH,m_18_59,3
2022,2022_II,FALSE,GBR,m_18_59,1
2022,2022_II,FALSE,GEO,k_18_59,9
2022,2022_II,FALSE,GEO,k_60,1
2022,2022_II,FALSE,GEO,m_18_59,324
2022,2022_II,FALSE,GEO,m_60,1
2022,2022_II,FALSE,GHA,k_18_59,1
2022,2022_II,FALSE,GHA,m_18_59,4
2022,2022_II,FALSE,GTM,m_18_59,1
2022,2022_II,FALSE,IDN,k_18_59,1
2022,2022_II,FALSE,IDN,m_18_59,1
2022,2022_II,FALSE,IND,k_18_59,2
2022,2022_II,FALSE,IND,m_18_59,38
2022,2022_II,FALSE,IRN,m_18_59,2
2022,2022_II,FALSE,IRQ,k_17,2
2022,2022_II,FALSE,IRQ,k_18_59,2
2022,2022_II,FALSE,IRQ,m_17,1
2022,2022_II,FALSE,IRQ,m_18_59,7
2022,2022_II,FALSE,ISR,m_18_59,1
2022,2022_II,FALSE,JOR,m_18_59,3
2022,2022_II,FALSE,KAZ,k_18_59,2
2022,2022_II,FALSE,KAZ,m_18_59,11
2022,2022_II,FALSE,KGZ,m_17,1
2022,2022_II,FALSE,KGZ,m_18_59,5
2022,2022_II,FALSE,KOSOVO,m_18_59,1
2022,2022_II,FALSE,LBY,m_18_59,3
2022,2022_II,FALSE,LKA,k_18_59,1
2022,2022_II,FALSE,LKA,m_18_59,10
2022,2022_II,FALSE,MAR,m_17,3
2022,2022_II,FALSE,MAR,m_18_59,22
2022,2022_II,FALSE,MDA,k_17,3
2022,2022_II,FALSE,MDA,k_18_59,28
2022,2022_II,FALSE,MDA,m_17,11
2022,2022_II,FALSE,MDA,m_18_59,121
2022,2022_II,FALSE,MEX,k_18_59,1
2022,2022_II,FALSE,MEX,m_18_59,6
2022,2022_II,FALSE,MKD,m_18_59,1
2022,2022_II,FALSE,NGA,k_18_59,1
2022,2022_II,FALSE,NGA,m_18_59,17
2022,2022_II,FALSE,NPL,k_18_59,1
2022,2022_II,FALSE,NPL,m_18_59,6
2022,2022_II,FALSE,PAK,m_18_59,16
2022,2022_II,FALSE,PHL,k_18_59,2
2022,2022_II,FALSE,PHL,m_18_59,6
2022,2022_II,FALSE,PRY,m_18_59,5
2022,2022_II,FALSE,PSE,m_18_59,2
2022,2022_II,FALSE,RUS,k_17,5
2022,2022_II,FALSE,RUS,k_18_59,18
2022,2022_II,FALSE,RUS,k_60,1
2022,2022_II,FALSE,RUS,m_17,2
2022,2022_II,FALSE,RUS,m_18_59,37
2022,2022_II,FALSE,RUS,m_60,2
2022,2022_II,FALSE,RWA,k_18_59,4
2022,2022_II,FALSE,RWA,m_18_59,3
2022,2022_II,FALSE,SDN,m_18_59,4
2022,2022_II,FALSE,SRB,m_18_59,1
2022,2022_II,FALSE,SYR,m_18_59,14
2022,2022_II,FALSE,TJK,k_17,4
2022,2022_II,FALSE,TJK,k_18_59,1
2022,2022_II,FALSE,TJK,m_18_59,32
2022,2022_II,FALSE,TKM,m_18_59,33
2022,2022_II,FALSE,TUN,m_18_59,5
2022,2022_II,FALSE,TUR,m_18_59,24
2022,2022_II,FALSE,TUR,m_60,1
2022,2022_II,FALSE,UKR,k_17,3
2022,2022_II,FALSE,UKR,k_18_59,46
2022,2022_II,FALSE,UKR,k_60,3
2022,2022_II,FALSE,UKR,m_18_59,348
2022,2022_II,FALSE,UNK,k_18_59,1
2022,2022_II,FALSE,UNK,m_17,2
2022,2022_II,FALSE,UNK,m_18_59,5
2022,2022_II,FALSE,USA,m_18_59,1
2022,2022_II,FALSE,UZB,m_18_59,52
2022,2022_II,FALSE,VEN,m_18_59,3
2022,2022_II,FALSE,VNM,k_17,1
2022,2022_II,FALSE,VNM,k_18_59,7
2022,2022_II,FALSE,VNM,k_60,2
2022,2022_II,FALSE,VNM,m_17,3
2022,2022_II,FALSE,VNM,m_18_59,35
2022,2022_II,FALSE,XXX,m_18_59,2
2022,2022_II,FALSE,YEM,m_18_59,1
2022,2022_II,FALSE,ZMB,m_18_59,1
2022,2022_II,FALSE,ZWE,k_18_59,1
2022,2022_II,FALSE,ZWE,m_18_59,4
2022,2022_II,TRUE,ARM,m_18_59,3
2022,2022_II,TRUE,AZE,m_18_59,2
2022,2022_II,TRUE,BHS,m_18_59,1
2022,2022_II,TRUE,BLR,m_18_59,9
2022,2022_II,TRUE,ETH,m_18_59,3
2022,2022_II,TRUE,GEO,k_18_59,1
2022,2022_II,TRUE,GEO,m_18_59,26
2022,2022_II,TRUE,IND,m_18_59,1
2022,2022_II,TRUE,IRQ,m_18_59,3
2022,2022_II,TRUE,KGZ,m_18_59,1
2022,2022_II,TRUE,MDA,m_18_59,5
2022,2022_II,TRUE,PAK,m_18_59,1
2022,2022_II,TRUE,RUS,m_18_59,3
2022,2022_II,TRUE,SYR,m_18_59,4
2022,2022_II,TRUE,TJK,m_18_59,3
2022,2022_II,TRUE,TUR,m_18_59,3
2022,2022_II,TRUE,UKR,k_18_59,2
2022,2022_II,TRUE,UKR,m_18_59,24
2022,2022_II,TRUE,UZB,m_18_59,2
2022,2022_II,TRUE,VNM,m_18_59,1
2023,2023_I,FALSE,AFG,m_18_59,12
2023,2023_I,FALSE,ALB,m_18_59,1
2023,2023_I,FALSE,ARG,m_18_59,3
2023,2023_I,FALSE,ARM,k_18_59,1
2023,2023_I,FALSE,ARM,m_18_59,12
2023,2023_I,FALSE,AZE,m_18_59,19
2023,2023_I,FALSE,BDI,m_18_59,1
2023,2023_I,FALSE,BGD,m_18_59,10
2023,2023_I,FALSE,BLR,k_18_59,15
2023,2023_I,FALSE,BLR,k_60,1
2023,2023_I,FALSE,BLR,m_18_59,123
2023,2023_I,FALSE,BLR,m_60,1
2023,2023_I,FALSE,BRA,k_18_59,1
2023,2023_I,FALSE,BRA,m_18_59,3
2023,2023_I,FALSE,CAN,k_18_59,1
2023,2023_I,FALSE,CAN,m_18_59,3
2023,2023_I,FALSE,CHN,k_18_59,1
2023,2023_I,FALSE,CHN,k_60,1
2023,2023_I,FALSE,CHN,m_18_59,8
2023,2023_I,FALSE,CIV,m_18_59,1
2023,2023_I,FALSE,COD,k_18_59,1
2023,2023_I,FALSE,COG,m_18_59,1
2023,2023_I,FALSE,COL,k_18_59,5
2023,2023_I,FALSE,COL,m_18_59,9
2023,2023_I,FALSE,CUB,k_18_59,1
2023,2023_I,FALSE,CUB,m_17,1
2023,2023_I,FALSE,CUB,m_18_59,2
2023,2023_I,FALSE,DZA,m_18_59,11
2023,2023_I,FALSE,EGY,m_18_59,5
2023,2023_I,FALSE,ERI,m_18_59,1
2023,2023_I,FALSE,ETH,k_18_59,1
2023,2023_I,FALSE,ETH,m_18_59,5
2023,2023_I,FALSE,GEO,k_17,2
2023,2023_I,FALSE,GEO,k_18_59,9
2023,2023_I,FALSE,GEO,m_17,2
2023,2023_I,FALSE,GEO,m_18_59,322
2023,2023_I,FALSE,GHA,m_18_59,3
2023,2023_I,FALSE,GMB,m_18_59,1
2023,2023_I,FALSE,GTM,m_18_59,2
2023,2023_I,FALSE,IDN,m_18_59,2
2023,2023_I,FALSE,IND,k_18_59,2
2023,2023_I,FALSE,IND,m_18_59,41
2023,2023_I,FALSE,IRN,m_18_59,4
2023,2023_I,FALSE,IRQ,m_18_59,10
2023,2023_I,FALSE,ITA,m_60,1
2023,2023_I,FALSE,JAM,m_18_59,1
2023,2023_I,FALSE,JOR,m_18_59,1
2023,2023_I,FALSE,KAZ,k_18_59,1
2023,2023_I,FALSE,KAZ,m_18_59,10
2023,2023_I,FALSE,KEN,m_18_59,5
2023,2023_I,FALSE,KGZ,k_18_59,1
2023,2023_I,FALSE,KGZ,m_18_59,12
2023,2023_I,FALSE,LKA,m_18_59,1
2023,2023_I,FALSE,MAR,m_18_59,7
2023,2023_I,FALSE,MDA,k_18_59,20
2023,2023_I,FALSE,MDA,m_17,3
2023,2023_I,FALSE,MDA,m_18_59,111
2023,2023_I,FALSE,MKD,m_18_59,1
2023,2023_I,FALSE,MLI,m_18_59,1
2023,2023_I,FALSE,MNG,k_18_59,2
2023,2023_I,FALSE,NGA,k_18_59,8
2023,2023_I,FALSE,NGA,m_18_59,20
2023,2023_I,FALSE,NPL,k_18_59,2
2023,2023_I,FALSE,NPL,m_18_59,12
2023,2023_I,FALSE,PAK,m_18_59,8
2023,2023_I,FALSE,PHL,m_18_59,4
2023,2023_I,FALSE,PSE,m_18_59,1
2023,2023_I,FALSE,ROU,m_18_59,1
2023,2023_I,FALSE,RUS,k_17,6
2023,2023_I,FALSE,RUS,k_18_59,10
2023,2023_I,FALSE,RUS,k_60,3
2023,2023_I,FALSE,RUS,m_17,4
2023,2023_I,FALSE,RUS,m_18_59,43
2023,2023_I,FALSE,RUS,m_60,1
2023,2023_I,FALSE,RWA,m_18_59,7
2023,2023_I,FALSE,SDN,m_18_59,2
2023,2023_I,FALSE,SEN,m_18_59,2
2023,2023_I,FALSE,SRB,m_18_59,3
2023,2023_I,FALSE,SYR,k_60,1
2023,2023_I,FALSE,SYR,m_18_59,12
2023,2023_I,FALSE,TCD,m_18_59,1
2023,2023_I,FALSE,TGO,m_18_59,1
2023,2023_I,FALSE,TJK,k_18_59,1
2023,2023_I,FALSE,TJK,m_18_59,35
2023,2023_I,FALSE,TKM,m_18_59,69
2023,2023_I,FALSE,TUN,m_18_59,9
2023,2023_I,FALSE,TUR,k_18_59,1
2023,2023_I,FALSE,TUR,m_18_59,29
2023,2023_I,FALSE,TWN,m_18_59,1
2023,2023_I,FALSE,TZA,m_18_59,1
2023,2023_I,FALSE,UKR,k_18_59,35
2023,2023_I,FALSE,UKR,k_60,1
2023,2023_I,FALSE,UKR,m_17,4
2023,2023_I,FALSE,UKR,m_18_59,326
2023,2023_I,FALSE,UKR,m_60,1
2023,2023_I,FALSE,UNK,m_17,1
2023,2023_I,FALSE,UNK,m_18_59,1
2023,2023_I,FALSE,USA,m_18_59,2
2023,2023_I,FALSE,UZB,m_18_59,102
2023,2023_I,FALSE,VEN,k_18_59,1
2023,2023_I,FALSE,VNM,k_17,1
2023,2023_I,FALSE,VNM,k_18_59,8
2023,2023_I,FALSE,VNM,k_60,2
2023,2023_I,FALSE,VNM,m_17,1
2023,2023_I,FALSE,VNM,m_18_59,35
2023,2023_I,FALSE,XXX,k_60,1
2023,2023_I,FALSE,XXX,m_18_59,2
2023,2023_I,FALSE,YEM,m_18_59,4
2023,2023_I,FALSE,ZAF,m_18_59,1
2023,2023_I,FALSE,ZWE,k_18_59,1
2023,2023_I,FALSE,ZWE,m_18_59,7
2023,2023_I,TRUE,AZE,m_18_59,1
2023,2023_I,TRUE,EGY,m_18_59,2
2023,2023_I,TRUE,ETH,m_18_59,1
2023,2023_I,TRUE,GEO,m_18_59,9
2023,2023_I,TRUE,KAZ,m_18_59,1
2023,2023_I,TRUE,SEN,m_18_59,1
2023,2023_I,TRUE,SOM,k_17,1
2023,2023_I,TRUE,TKM,m_18_59,1
2023,2023_I,TRUE,UKR,k_18_59,1
2023,2023_I,TRUE,UKR,m_18_59,27
2023,2023_I,TRUE,UZB,m_18_59,3
2023,2023_II,FALSE,AFG,m_18_59,4
2023,2023_II,FALSE,AGO,m_18_59,1
2023,2023_II,FALSE,ALB,m_18_59,5
2023,2023_II,FALSE,ARG,k_17,2
2023,2023_II,FALSE,ARG,k_18_59,1
2023,2023_II,FALSE,ARG,m_17,1
2023,2023_II,FALSE,ARG,m_18_59,10
2023,2023_II,FALSE,ARM,k_17,2
2023,2023_II,FALSE,ARM,k_18_59,3
2023,2023_II,FALSE,ARM,k_60,1
2023,2023_II,FALSE,ARM,m_17,1
2023,2023_II,FALSE,ARM,m_18_59,15
2023,2023_II,FALSE,ARM,m_60,1
2023,2023_II,FALSE,AUS,m_18_59,3
2023,2023_II,FALSE,AZE,k_17,1
2023,2023_II,FALSE,AZE,k_18_59,3
2023,2023_II,FALSE,AZE,m_17,1
2023,2023_II,FALSE,AZE,m_18_59,47
2023,2023_II,FALSE,BEN,m_18_59,1
2023,2023_II,FALSE,BFA,m_18_59,1
2023,2023_II,FALSE,BGD,m_18_59,13
2023,2023_II,FALSE,BIH,m_18_59,2
2023,2023_II,FALSE,BLR,k_18_59,41
2023,2023_II,FALSE,BLR,k_60,6
2023,2023_II,FALSE,BLR,m_17,5
2023,2023_II,FALSE,BLR,m_18_59,175
2023,2023_II,FALSE,BLR,m_60,2
2023,2023_II,FALSE,BRA,k_18_59,1
2023,2023_II,FALSE,BRA,m_18_59,4
2023,2023_II,FALSE,CAN,m_17,1
2023,2023_II,FALSE,CHL,k_18_59,1
2023,2023_II,FALSE,CHL,m_18_59,1
2023,2023_II,FALSE,CHN,k_17,1
2023,2023_II,FALSE,CHN,k_18_59,4
2023,2023_II,FALSE,CHN,k_60,3
2023,2023_II,FALSE,CHN,m_17,1
2023,2023_II,FALSE,CHN,m_18_59,12
2023,2023_II,FALSE,CMR,k_18_59,1
2023,2023_II,FALSE,CMR,m_17,2
2023,2023_II,FALSE,CMR,m_18_59,4
2023,2023_II,FALSE,COD,k_18_59,1
2023,2023_II,FALSE,COD,m_18_59,3
2023,2023_II,FALSE,COG,m_18_59,1
2023,2023_II,FALSE,COL,k_18_59,30
2023,2023_II,FALSE,COL,m_17,2
2023,2023_II,FALSE,COL,m_18_59,82
2023,2023_II,FALSE,CUB,k_17,1
2023,2023_II,FALSE,CUB,k_18_59,1
2023,2023_II,FALSE,CUB,m_17,1
2023,2023_II,FALSE,CUB,m_18_59,4
2023,2023_II,FALSE,DZA,m_18_59,9
2023,2023_II,FALSE,DZA,m_60,1
2023,2023_II,FALSE,ECU,m_18_59,1
2023,2023_II,FALSE,EGY,m_18_59,10
2023,2023_II,FALSE,ETH,k_18_59,1
2023,2023_II,FALSE,ETH,m_18_59,1
2023,2023_II,FALSE,GBR,m_18_59,3
2023,2023_II,FALSE,GEO,k_17,9
2023,2023_II,FALSE,GEO,k_18_59,52
2023,2023_II,FALSE,GEO,k_60,2
2023,2023_II,FALSE,GEO,m_17,6
2023,2023_II,FALSE,GEO,m_18_59,651
2023,2023_II,FALSE,GHA,m_18_59,3
2023,2023_II,FALSE,GIN,m_18_59,1
2023,2023_II,FALSE,GMB,m_18_59,3
2023,2023_II,FALSE,GNB,m_18_59,1
2023,2023_II,FALSE,GTM,k_18_59,1
2023,2023_II,FALSE,HKG,m_18_59,1
2023,2023_II,FALSE,IDN,k_18_59,3
2023,2023_II,FALSE,IDN,m_18_59,26
2023,2023_II,FALSE,IND,k_18_59,3
2023,2023_II,FALSE,IND,m_18_59,99
2023,2023_II,FALSE,IRN,m_18_59,4
2023,2023_II,FALSE,IRQ,k_17,1
2023,2023_II,FALSE,IRQ,k_18_59,1
2023,2023_II,FALSE,IRQ,m_17,2
2023,2023_II,FALSE,IRQ,m_18_59,6
2023,2023_II,FALSE,ISR,m_18_59,1
2023,2023_II,FALSE,ITA,m_60,1
2023,2023_II,FALSE,JPN,m_18_59,1
2023,2023_II,FALSE,KAZ,k_17,2
2023,2023_II,FALSE,KAZ,k_18_59,7
2023,2023_II,FALSE,KAZ,m_17,1
2023,2023_II,FALSE,KAZ,m_18_59,13
2023,2023_II,FALSE,KAZ,m_60,1
2023,2023_II,FALSE,KEN,k_18_59,3
2023,2023_II,FALSE,KEN,m_18_59,9
2023,2023_II,FALSE,KGZ,k_17,2
2023,2023_II,FALSE,KGZ,k_18_59,3
2023,2023_II,FALSE,KGZ,m_17,3
2023,2023_II,FALSE,KGZ,m_18_59,18
2023,2023_II,FALSE,KOSOVO,m_18_59,1
2023,2023_II,FALSE,LBN,k_18_59,1
2023,2023_II,FALSE,LBN,m_18_59,1
2023,2023_II,FALSE,LBR,m_18_59,1
2023,2023_II,FALSE,LBY,m_18_59,1
2023,2023_II,FALSE,LKA,m_18_59,4
2023,2023_II,FALSE,MAR,k_18_59,2
2023,2023_II,FALSE,MAR,m_18_59,13
2023,2023_II,FALSE,MDA,k_18_59,24
2023,2023_II,FALSE,MDA,m_17,1
2023,2023_II,FALSE,MDA,m_18_59,172
2023,2023_II,FALSE,MDA,m_60,1
2023,2023_II,FALSE,MEX,m_18_59,2
2023,2023_II,FALSE,MKD,m_18_59,1
2023,2023_II,FALSE,MNG,k_18_59,2
2023,2023_II,FALSE,MNG,m_18_59,3
2023,2023_II,FALSE,MUS,k_18_59,1
2023,2023_II,FALSE,NAM,k_18_59,1
2023,2023_II,FALSE,NGA,k_18_59,4
2023,2023_II,FALSE,NGA,m_18_59,28
2023,2023_II,FALSE,NIC,m_18_59,1
2023,2023_II,FALSE,NLD,m_18_59,1
2023,2023_II,FALSE,NPL,k_18_59,1
2023,2023_II,FALSE,NPL,m_18_59,14
2023,2023_II,FALSE,NZL,m_18_59,1
2023,2023_II,FALSE,PAK,m_18_59,13
2023,2023_II,FALSE,PER,k_18_59,1
2023,2023_II,FALSE,PER,m_18_59,2
2023,2023_II,FALSE,PHL,k_18_59,10
2023,2023_II,FALSE,PHL,m_18_59,15
2023,2023_II,FALSE,RUS,k_17,36
2023,2023_II,FALSE,RUS,k_18_59,51
2023,2023_II,FALSE,RUS,k_60,3
2023,2023_II,FALSE,RUS,m_17,45
2023,2023_II,FALSE,RUS,m_18_59,82
2023,2023_II,FALSE,RUS,m_60,1
2023,2023_II,FALSE,RWA,k_18_59,3
2023,2023_II,FALSE,RWA,m_18_59,9
2023,2023_II,FALSE,SAU,m_18_59,3
2023,2023_II,FALSE,SDN,k_18_59,1
2023,2023_II,FALSE,SDN,m_18_59,1
2023,2023_II,FALSE,SEN,m_18_59,2
2023,2023_II,FALSE,SOM,m_18_59,1
2023,2023_II,FALSE,SRB,m_18_59,3
2023,2023_II,FALSE,SVK,m_18_59,1
2023,2023_II,FALSE,SYR,k_18_59,2
2023,2023_II,FALSE,SYR,m_17,1
2023,2023_II,FALSE,SYR,m_18_59,11
2023,2023_II,FALSE,THA,k_18_59,7
2023,2023_II,FALSE,TJK,k_17,1
2023,2023_II,FALSE,TJK,k_18_59,3
2023,2023_II,FALSE,TJK,m_17,2
2023,2023_II,FALSE,TJK,m_18_59,56
2023,2023_II,FALSE,TKM,k_18_59,4
2023,2023_II,FALSE,TKM,m_18_59,98
2023,2023_II,FALSE,TUN,m_18_59,5
2023,2023_II,FALSE,TUR,k_18_59,4
2023,2023_II,FALSE,TUR,m_18_59,57
2023,2023_II,FALSE,TWN,m_18_59,1
2023,2023_II,FALSE,TZA,k_18_59,3
2023,2023_II,FALSE,TZA,m_18_59,2
2023,2023_II,FALSE,UGA,k_18_59,1
2023,2023_II,FALSE,UGA,m_18_59,3
2023,2023_II,FALSE,UKR,k_18_59,39
2023,2023_II,FALSE,UKR,k_60,4
2023,2023_II,FALSE,UKR,m_17,2
2023,2023_II,FALSE,UKR,m_18_59,225
2023,2023_II,FALSE,UKR,m_60,4
2023,2023_II,FALSE,URY,k_18_59,1
2023,2023_II,FALSE,URY,m_17,1
2023,2023_II,FALSE,USA,k_18_59,1
2023,2023_II,FALSE,USA,m_18_59,1
2023,2023_II,FALSE,UZB,k_18_59,5
2023,2023_II,FALSE,UZB,m_17,1
2023,2023_II,FALSE,UZB,m_18_59,151
2023,2023_II,FALSE,VEN,m_18_59,1
2023,2023_II,FALSE,VNM,k_17,2
2023,2023_II,FALSE,VNM,k_18_59,11
2023,2023_II,FALSE,VNM,k_60,1
2023,2023_II,FALSE,VNM,m_17,1
2023,2023_II,FALSE,VNM,m_18_59,44
2023,2023_II,FALSE,XXX,m_18_59,9
2023,2023_II,FALSE,YEM,m_18_59,2
2023,2023_II,FALSE,ZAF,m_18_59,5
2023,2023_II,FALSE,ZMB,m_18_59,5
2023,2023_II,FALSE,ZWE,k_18_59,21
2023,2023_II,FALSE,ZWE,k_60,1
2023,2023_II,FALSE,ZWE,m_18_59,30
2023,2023_II,TRUE,AZE,m_18_59,2
2023,2023_II,TRUE,BIH,m_18_59,1
2023,2023_II,TRUE,BLR,m_18_59,8
2023,2023_II,TRUE,CHN,k_60,1
2023,2023_II,TRUE,COL,k_18_59,1
2023,2023_II,TRUE,COL,m_18_59,1
2023,2023_II,TRUE,GEO,m_18_59,35
2023,2023_II,TRUE,IND,m_18_59,1
2023,2023_II,TRUE,KAZ,m_18_59,1
2023,2023_II,TRUE,KGZ,m_18_59,1
2023,2023_II,TRUE,LKA,m_18_59,1
2023,2023_II,TRUE,LVA,m_18_59,1
2023,2023_II,TRUE,MDA,k_18_59,1
2023,2023_II,TRUE,MDA,m_18_59,4
2023,2023_II,TRUE,NLD,m_18_59,1
2023,2023_II,TRUE,RUS,k_18_59,1
2023,2023_II,TRUE,RUS,m_18_59,1
2023,2023_II,TRUE,TJK,m_18_59,8
2023,2023_II,TRUE,TKM,m_18_59,8
2023,2023_II,TRUE,TUN,m_18_59,1
2023,2023_II,TRUE,UKR,k_18_59,3
2023,2023_II,TRUE,UKR,m_18_59,23
2023,2023_II,TRUE,UKR,m_60,1
2023,2023_II,TRUE,UNK,m_18_59,1
2023,2023_II,TRUE,UZB,m_18_59,10
2023,2023_II,TRUE,VNM,m_18_59,2
2023,2023_II,TRUE,XXX,m_18_59,1
2023,2023_II,TRUE,YEM,m_18_59,1
2023,2023_II,TRUE,ZAF,m_18_59,1
2024,2024_I,FALSE,AFG,m_18_59,14
2024,2024_I,FALSE,AGO,m_18_59,1
2024,2024_I,FALSE,ALB,m_18_59,5
2024,2024_I,FALSE,ARE,m_18_59,1
2024,2024_I,FALSE,ARG,k_18_59,2
2024,2024_I,FALSE,ARG,m_18_59,19
2024,2024_I,FALSE,ARM,k_17,3
2024,2024_I,FALSE,ARM,k_18_59,6
2024,2024_I,FALSE,ARM,k_60,1
2024,2024_I,FALSE,ARM,m_17,1
2024,2024_I,FALSE,ARM,m_18_59,21
2024,2024_I,FALSE,ARM,m_60,1
2024,2024_I,FALSE,AZE,k_17,1
2024,2024_I,FALSE,AZE,k_18_59,6
2024,2024_I,FALSE,AZE,m_18_59,51
2024,2024_I,FALSE,BDI,m_18_59,1
2024,2024_I,FALSE,BFA,m_18_59,1
2024,2024_I,FALSE,BGD,k_17,2
2024,2024_I,FALSE,BGD,k_18_59,1
2024,2024_I,FALSE,BGD,m_18_59,40
2024,2024_I,FALSE,BLR,k_17,2
2024,2024_I,FALSE,BLR,k_18_59,53
2024,2024_I,FALSE,BLR,k_60,2
2024,2024_I,FALSE,BLR,m_17,5
2024,2024_I,FALSE,BLR,m_18_59,201
2024,2024_I,FALSE,BLR,m_60,2
2024,2024_I,FALSE,BRA,k_18_59,3
2024,2024_I,FALSE,BRA,m_18_59,3
2024,2024_I,FALSE,CHN,k_18_59,4
2024,2024_I,FALSE,CHN,m_17,1
2024,2024_I,FALSE,CHN,m_18_59,15
2024,2024_I,FALSE,CIV,m_18_59,1
2024,2024_I,FALSE,CMR,k_18_59,2
2024,2024_I,FALSE,CMR,m_17,1
2024,2024_I,FALSE,CMR,m_18_59,7
2024,2024_I,FALSE,COG,k_18_59,1
2024,2024_I,FALSE,COG,m_18_59,2
2024,2024_I,FALSE,COL,k_17,2
2024,2024_I,FALSE,COL,k_18_59,35
2024,2024_I,FALSE,COL,m_17,1
2024,2024_I,FALSE,COL,m_18_59,89
2024,2024_I,FALSE,CUB,k_18_59,1
2024,2024_I,FALSE,CUB,m_18_59,2
2024,2024_I,FALSE,CUB,m_60,1
2024,2024_I,FALSE,DZA,m_18_59,15
2024,2024_I,FALSE,ECU,m_18_59,1
2024,2024_I,FALSE,EGY,k_18_59,1
2024,2024_I,FALSE,EGY,m_18_59,29
2024,2024_I,FALSE,ETH,k_18_59,2
2024,2024_I,FALSE,ETH,m_18_59,8
2024,2024_I,FALSE,GBR,k_18_59,2
2024,2024_I,FALSE,GBR,m_18_59,5
2024,2024_I,FALSE,GEO,k_17,6
2024,2024_I,FALSE,GEO,k_18_59,54
2024,2024_I,FALSE,GEO,k_60,2
2024,2024_I,FALSE,GEO,m_17,18
2024,2024_I,FALSE,GEO,m_18_59,626
2024,2024_I,FALSE,GEO,m_60,4
2024,2024_I,FALSE,GHA,m_18_59,6
2024,2024_I,FALSE,GIN,m_18_59,3
2024,2024_I,FALSE,GTM,k_18_59,1
2024,2024_I,FALSE,HND,m_18_59,1
2024,2024_I,FALSE,IDN,k_18_59,19
2024,2024_I,FALSE,IDN,m_18_59,88
2024,2024_I,FALSE,IND,k_18_59,9
2024,2024_I,FALSE,IND,m_17,1
2024,2024_I,FALSE,IND,m_18_59,147
2024,2024_I,FALSE,IRN,k_18_59,1
2024,2024_I,FALSE,IRN,m_18_59,3
2024,2024_I,FALSE,IRQ,m_18_59,8
2024,2024_I,FALSE,ISR,m_18_59,3
2024,2024_I,FALSE,JOR,m_18_59,2
2024,2024_I,FALSE,JPN,m_18_59,3
2024,2024_I,FALSE,KAZ,k_18_59,6
2024,2024_I,FALSE,KAZ,m_18_59,18
2024,2024_I,FALSE,KEN,m_18_59,3
2024,2024_I,FALSE,KGZ,k_17,1
2024,2024_I,FALSE,KGZ,k_18_59,4
2024,2024_I,FALSE,KGZ,m_17,1
2024,2024_I,FALSE,KGZ,m_18_59,37
2024,2024_I,FALSE,LBN,m_18_59,2
2024,2024_I,FALSE,LBY,m_18_59,2
2024,2024_I,FALSE,LKA,m_18_59,4
2024,2024_I,FALSE,MAR,k_18_59,2
2024,2024_I,FALSE,MAR,m_18_59,15
2024,2024_I,FALSE,MDA,k_17,4
2024,2024_I,FALSE,MDA,k_18_59,45
2024,2024_I,FALSE,MDA,m_17,3
2024,2024_I,FALSE,MDA,m_18_59,210
2024,2024_I,FALSE,MDA,m_60,1
2024,2024_I,FALSE,MEX,k_18_59,1
2024,2024_I,FALSE,MEX,m_18_59,3
2024,2024_I,FALSE,MKD,m_18_59,2
2024,2024_I,FALSE,MNG,k_18_59,1
2024,2024_I,FALSE,MNG,m_18_59,6
2024,2024_I,FALSE,MYS,k_18_59,1
2024,2024_I,FALSE,NGA,k_17,1
2024,2024_I,FALSE,NGA,k_18_59,6
2024,2024_I,FALSE,NGA,m_18_59,18
2024,2024_I,FALSE,NIC,m_18_59,1
2024,2024_I,FALSE,NPL,k_17,1
2024,2024_I,FALSE,NPL,k_18_59,3
2024,2024_I,FALSE,NPL,m_17,1
2024,2024_I,FALSE,NPL,m_18_59,33
2024,2024_I,FALSE,PAK,k_18_59,2
2024,2024_I,FALSE,PAK,m_18_59,15
2024,2024_I,FALSE,PER,k_18_59,1
2024,2024_I,FALSE,PER,m_18_59,6
2024,2024_I,FALSE,PHL,k_17,1
2024,2024_I,FALSE,PHL,k_18_59,30
2024,2024_I,FALSE,PHL,m_17,1
2024,2024_I,FALSE,PHL,m_18_59,57
2024,2024_I,FALSE,PRY,m_18_59,5
2024,2024_I,FALSE,PSE,m_18_59,1
2024,2024_I,FALSE,RKS,m_18_59,3
2024,2024_I,FALSE,RUS,k_17,21
2024,2024_I,FALSE,RUS,k_18_59,42
2024,2024_I,FALSE,RUS,k_60,4
2024,2024_I,FALSE,RUS,m_17,13
2024,2024_I,FALSE,RUS,m_18_59,94
2024,2024_I,FALSE,RUS,m_60,3
2024,2024_I,FALSE,RWA,k_18_59,1
2024,2024_I,FALSE,RWA,m_18_59,7
2024,2024_I,FALSE,SDN,m_18_59,4
2024,2024_I,FALSE,SOM,m_18_59,1
2024,2024_I,FALSE,SRB,k_18_59,1
2024,2024_I,FALSE,SRB,m_18_59,3
2024,2024_I,FALSE,SWZ,m_18_59,1
2024,2024_I,FALSE,SYR,m_17,1
2024,2024_I,FALSE,SYR,m_18_59,10
2024,2024_I,FALSE,THA,k_18_59,9
2024,2024_I,FALSE,THA,m_17,1
2024,2024_I,FALSE,THA,m_18_59,1
2024,2024_I,FALSE,TJK,k_17,2
2024,2024_I,FALSE,TJK,k_18_59,4
2024,2024_I,FALSE,TJK,m_17,2
2024,2024_I,FALSE,TJK,m_18_59,62
2024,2024_I,FALSE,TKM,k_18_59,7
2024,2024_I,FALSE,TKM,m_18_59,79
2024,2024_I,FALSE,TUN,m_18_59,12
2024,2024_I,FALSE,TUR,k_18_59,5
2024,2024_I,FALSE,TUR,m_17,2
2024,2024_I,FALSE,TUR,m_18_59,72
2024,2024_I,FALSE,TZA,k_18_59,1
2024,2024_I,FALSE,UGA,k_18_59,3
2024,2024_I,FALSE,UGA,m_18_59,5
2024,2024_I,FALSE,UKR,k_17,1
2024,2024_I,FALSE,UKR,k_18_59,24
2024,2024_I,FALSE,UKR,k_60,2
2024,2024_I,FALSE,UKR,m_18_59,306
2024,2024_I,FALSE,UKR,m_60,1
2024,2024_I,FALSE,UNK,m_18_59,1
2024,2024_I,FALSE,USA,k_18_59,1
2024,2024_I,FALSE,USA,m_18_59,2
2024,2024_I,FALSE,USA,m_60,1
2024,2024_I,FALSE,UZB,k_18_59,3
2024,2024_I,FALSE,UZB,m_17,1
2024,2024_I,FALSE,UZB,m_18_59,178
2024,2024_I,FALSE,VEN,k_17,2
2024,2024_I,FALSE,VEN,k_18_59,3
2024,2024_I,FALSE,VEN,m_18_59,3
2024,2024_I,FALSE,VNM,k_17,1
2024,2024_I,FALSE,VNM,k_18_59,16
2024,2024_I,FALSE,VNM,k_60,3
2024,2024_I,FALSE,VNM,m_17,1
2024,2024_I,FALSE,VNM,m_18_59,45
2024,2024_I,FALSE,XXX,m_18_59,4
2024,2024_I,FALSE,YEM,m_18_59,2
2024,2024_I,FALSE,ZAF,m_18_59,3
2024,2024_I,FALSE,ZMB,k_18_59,1
2024,2024_I,FALSE,ZMB,m_18_59,1
2024,2024_I,FALSE,ZWE,k_17,1
2024,2024_I,FALSE,ZWE,k_18_59,8
2024,2024_I,FALSE,ZWE,m_18_59,24
2024,2024_I,TRUE,BLR,m_18_59,5
2024,2024_I,TRUE,EGY,m_18_59,1
2024,2024_I,TRUE,GEO,m_18_59,12
2024,2024_I,TRUE,IND,m_18_59,1
2024,2024_I,TRUE,MDA,m_18_59,6
2024,2024_I,TRUE,RUS,k_18_59,1
2024,2024_I,TRUE,RUS,m_18_59,3
2024,2024_I,TRUE,SYR,m_18_59,1
2024,2024_I,TRUE,UKR,k_18_59,1
2024,2024_I,TRUE,UKR,m_18_59,9
2024,2024_I,TRUE,UZB,m_18_59,2
2024,2024_II,FALSE,AFG,k_17,1
2024,2024_II,FALSE,AFG,k_18_59,1
2024,2024_II,FALSE,AFG,m_18_59,3
2024,2024_II,FALSE,AGO,k_18_59,2
2024,2024_II,FALSE,AGO,m_18_59,3
2024,2024_II,FALSE,ALB,m_18_59,5
2024,2024_II,FALSE,ARG,k_18_59,1
2024,2024_II,FALSE,ARG,m_17,2
2024,2024_II,FALSE,ARG,m_18_59,18
2024,2024_II,FALSE,ARM,k_17,1
2024,2024_II,FALSE,ARM,k_18_59,2
2024,2024_II,FALSE,ARM,k_60,1
2024,2024_II,FALSE,ARM,m_18_59,16
2024,2024_II,FALSE,ARM,m_60,3
2024,2024_II,FALSE,AUS,m_18_59,1
2024,2024_II,FALSE,AZE,k_17,2
2024,2024_II,FALSE,AZE,k_18_59,3
2024,2024_II,FALSE,AZE,m_17,3
2024,2024_II,FALSE,AZE,m_18_59,45
2024,2024_II,FALSE,BFA,m_18_59,1
2024,2024_II,FALSE,BGD,k_18_59,1
2024,2024_II,FALSE,BGD,k_60,1
2024,2024_II,FALSE,BGD,m_18_59,55
2024,2024_II,FALSE,BHR,m_18_59,1
2024,2024_II,FALSE,BIH,m_18_59,2
2024,2024_II,FALSE,BLR,k_17,4
2024,2024_II,FALSE,BLR,k_18_59,51
2024,2024_II,FALSE,BLR,m_17,1
2024,2024_II,FALSE,BLR,m_18_59,146
2024,2024_II,FALSE,BLR,m_60,1
2024,2024_II,FALSE,BOL,m_18_59,2
2024,2024_II,FALSE,BRA,m_18_59,3
2024,2024_II,FALSE,CAN,m_18_59,3
2024,2024_II,FALSE,CHN,k_18_59,7
2024,2024_II,FALSE,CHN,m_18_59,11
2024,2024_II,FALSE,CHN,m_60,1
2024,2024_II,FALSE,CMR,k_17,1
2024,2024_II,FALSE,CMR,m_18_59,5
2024,2024_II,FALSE,COD,m_17,1
2024,2024_II,FALSE,COD,m_18_59,4
2024,2024_II,FALSE,COD,m_60,1
2024,2024_II,FALSE,COG,k_18_59,1
2024,2024_II,FALSE,COG,m_18_59,2
2024,2024_II,FALSE,COL,k_17,1
2024,2024_II,FALSE,COL,k_18_59,81
2024,2024_II,FALSE,COL,k_60,1
2024,2024_II,FALSE,COL,m_18_59,277
2024,2024_II,FALSE,CUB,k_18_59,1
2024,2024_II,FALSE,CUB,m_18_59,1
2024,2024_II,FALSE,CUB,m_60,1
2024,2024_II,FALSE,DMA,m_18_59,1
2024,2024_II,FALSE,DZA,k_18_59,1
2024,2024_II,FALSE,DZA,m_18_59,27
2024,2024_II,FALSE,EGY,k_18_59,2
2024,2024_II,FALSE,EGY,m_17,1
2024,2024_II,FALSE,EGY,m_18_59,8
2024,2024_II,FALSE,ETH,k_18_59,2
2024,2024_II,FALSE,ETH,m_18_59,9
2024,2024_II,FALSE,GBR,m_18_59,2
2024,2024_II,FALSE,GEO,k_17,2
2024,2024_II,FALSE,GEO,k_18_59,49
2024,2024_II,FALSE,GEO,k_60,2
2024,2024_II,FALSE,GEO,m_17,11
2024,2024_II,FALSE,GEO,m_18_59,512
2024,2024_II,FALSE,GEO,m_60,2
2024,2024_II,FALSE,GHA,k_18_59,2
2024,2024_II,FALSE,GHA,m_17,3
2024,2024_II,FALSE,GHA,m_18_59,11
2024,2024_II,FALSE,GIN,k_17,3
2024,2024_II,FALSE,GIN,k_18_59,1
2024,2024_II,FALSE,GIN,m_17,1
2024,2024_II,FALSE,GIN,m_18_59,5
2024,2024_II,FALSE,GMB,m_18_59,2
2024,2024_II,FALSE,GTM,k_18_59,1
2024,2024_II,FALSE,IDN,k_18_59,15
2024,2024_II,FALSE,IDN,m_18_59,80
2024,2024_II,FALSE,IND,k_18_59,4
2024,2024_II,FALSE,IND,m_18_59,147
2024,2024_II,FALSE,IRN,k_18_59,1
2024,2024_II,FALSE,IRN,m_17,2
2024,2024_II,FALSE,IRN,m_18_59,10
2024,2024_II,FALSE,IRQ,m_18_59,4
2024,2024_II,FALSE,ISR,m_18_59,2
2024,2024_II,FALSE,JAM,m_18_59,1
2024,2024_II,FALSE,JOR,m_18_59,2
2024,2024_II,FALSE,KAZ,k_18_59,14
2024,2024_II,FALSE,KAZ,k_60,3
2024,2024_II,FALSE,KAZ,m_18_59,18
2024,2024_II,FALSE,KEN,k_18_59,6
2024,2024_II,FALSE,KEN,m_18_59,2
2024,2024_II,FALSE,KGZ,k_17,2
2024,2024_II,FALSE,KGZ,k_18_59,10
2024,2024_II,FALSE,KGZ,m_17,4
2024,2024_II,FALSE,KGZ,m_18_59,42
2024,2024_II,FALSE,LBY,m_18_59,2
2024,2024_II,FALSE,LKA,m_18_59,18
2024,2024_II,FALSE,LTU,k_18_59,1
2024,2024_II,FALSE,MAR,k_18_59,1
2024,2024_II,FALSE,MAR,m_18_59,11
2024,2024_II,FALSE,MDA,k_17,2
2024,2024_II,FALSE,MDA,k_18_59,28
2024,2024_II,FALSE,MDA,m_17,6
2024,2024_II,FALSE,MDA,m_18_59,168
2024,2024_II,FALSE,MEX,m_18_59,1
2024,2024_II,FALSE,MKD,m_18_59,3
2024,2024_II,FALSE,MLI,m_18_59,4
2024,2024_II,FALSE,MMR,m_18_59,1
2024,2024_II,FALSE,MNE,m_18_59,1
2024,2024_II,FALSE,MNG,k_18_59,9
2024,2024_II,FALSE,MNG,m_17,1
2024,2024_II,FALSE,MNG,m_18_59,7
2024,2024_II,FALSE,MOZ,m_18_59,2
2024,2024_II,FALSE,MUS,m_18_59,1
2024,2024_II,FALSE,MYS,k_18_59,1
2024,2024_II,FALSE,MYS,m_18_59,1
2024,2024_II,FALSE,NGA,k_18_59,8
2024,2024_II,FALSE,NGA,m_18_59,37
2024,2024_II,FALSE,NPL,k_18_59,12
2024,2024_II,FALSE,NPL,m_18_59,87
2024,2024_II,FALSE,PAK,m_18_59,12
2024,2024_II,FALSE,PER,k_18_59,1
2024,2024_II,FALSE,PER,k_60,1
2024,2024_II,FALSE,PER,m_18_59,5
2024,2024_II,FALSE,PHL,k_18_59,32
2024,2024_II,FALSE,PHL,m_17,2
2024,2024_II,FALSE,PHL,m_18_59,104
2024,2024_II,FALSE,PSE,m_18_59,1
2024,2024_II,FALSE,RKS,m_18_59,1
2024,2024_II,FALSE,ROU,k_17,1
2024,2024_II,FALSE,ROU,k_18_59,1
2024,2024_II,FALSE,ROU,m_17,1
2024,2024_II,FALSE,ROU,m_18_59,2
2024,2024_II,FALSE,RUS,k_17,20
2024,2024_II,FALSE,RUS,k_18_59,28
2024,2024_II,FALSE,RUS,k_60,4
2024,2024_II,FALSE,RUS,m_17,13
2024,2024_II,FALSE,RUS,m_18_59,58
2024,2024_II,FALSE,RUS,m_60,2
2024,2024_II,FALSE,RWA,k_18_59,5
2024,2024_II,FALSE,RWA,m_18_59,8
2024,2024_II,FALSE,SDN,k_18_59,1
2024,2024_II,FALSE,SEN,m_18_59,1
2024,2024_II,FALSE,SLV,m_18_59,1
2024,2024_II,FALSE,SOM,m_18_59,2
2024,2024_II,FALSE,SRB,k_18_59,1
2024,2024_II,FALSE,SRB,m_18_59,5
2024,2024_II,FALSE,SRB,m_60,1
2024,2024_II,FALSE,SVK,m_18_59,1
2024,2024_II,FALSE,SYR,m_18_59,8
2024,2024_II,FALSE,THA,k_18_59,1
2024,2024_II,FALSE,THA,m_18_59,1
2024,2024_II,FALSE,TJK,k_17,1
2024,2024_II,FALSE,TJK,k_18_59,4
2024,2024_II,FALSE,TJK,m_18_59,64
2024,2024_II,FALSE,TKM,k_18_59,5
2024,2024_II,FALSE,TKM,m_18_59,59
2024,2024_II,FALSE,TKM,m_60,1
2024,2024_II,FALSE,TTO,k_18_59,1
2024,2024_II,FALSE,TUN,k_18_59,1
2024,2024_II,FALSE,TUN,m_17,1
2024,2024_II,FALSE,TUN,m_18_59,8
2024,2024_II,FALSE,TUR,k_18_59,3
2024,2024_II,FALSE,TUR,m_18_59,51
2024,2024_II,FALSE,TZA,k_17,2
2024,2024_II,FALSE,TZA,k_18_59,4
2024,2024_II,FALSE,TZA,m_18_59,4
2024,2024_II,FALSE,UGA,m_18_59,3
2024,2024_II,FALSE,UKR,k_18_59,41
2024,2024_II,FALSE,UKR,k_60,2
2024,2024_II,FALSE,UKR,m_17,6
2024,2024_II,FALSE,UKR,m_18_59,377
2024,2024_II,FALSE,UKR,m_60,6
2024,2024_II,FALSE,USA,k_18_59,2
2024,2024_II,FALSE,USA,k_60,1
2024,2024_II,FALSE,USA,m_18_59,3
2024,2024_II,FALSE,UZB,k_18_59,6
2024,2024_II,FALSE,UZB,k_60,1
2024,2024_II,FALSE,UZB,m_17,1
2024,2024_II,FALSE,UZB,m_18_59,208
2024,2024_II,FALSE,VEN,k_18_59,3
2024,2024_II,FALSE,VEN,k_60,1
2024,2024_II,FALSE,VEN,m_18_59,5
2024,2024_II,FALSE,VNM,k_18_59,19
2024,2024_II,FALSE,VNM,k_60,2
2024,2024_II,FALSE,VNM,m_18_59,70
2024,2024_II,FALSE,XXX,k_18_59,1
2024,2024_II,FALSE,XXX,m_18_59,3
2024,2024_II,FALSE,YEM,k_17,1
2024,2024_II,FALSE,ZAF,k_18_59,2
2024,2024_II,FALSE,ZAF,m_18_59,12
2024,2024_II,FALSE,ZWE,k_18_59,12
2024,2024_II,FALSE,ZWE,m_18_59,31
2024,2024_II,TRUE,AFG,m_18_59,3
2024,2024_II,TRUE,AZE,m_18_59,1
2024,2024_II,TRUE,BLR,k_18_59,1
2024,2024_II,TRUE,BLR,m_18_59,8
2024,2024_II,TRUE,GEO,m_18_59,21
2024,2024_II,TRUE,IDN,m_18_59,1
2024,2024_II,TRUE,IND,m_18_59,3
2024,2024_II,TRUE,LKA,m_18_59,1
2024,2024_II,TRUE,MDA,m_18_59,7
2024,2024_II,TRUE,MNG,m_18_59,1
2024,2024_II,TRUE,PHL,m_18_59,2
2024,2024_II,TRUE,RUS,m_18_59,3
2024,2024_II,TRUE,RWA,m_18_59,2
2024,2024_II,TRUE,SYR,m_18_59,2
2024,2024_II,TRUE,TJK,m_18_59,3
2024,2024_II,TRUE,TUR,m_18_59,2
2024,2024_II,TRUE,UKR,k_18_59,2
2024,2024_II,TRUE,UKR,m_18_59,15
2024,2024_II,TRUE,UZB,m_18_59,8
2024,2024_II,TRUE,ZWE,m_18_59,2
